,Rk,Player,Tm,FantPos,Age,G,GS,Cmp,Att,Yds,TD,Int,Att.1,Yds.1,Y/A,TD.1,Tgt,Rec,Yds.2,Y/R,TD.2,Fmb,FL,TD.3,2PM,2PP,FantPt,PPR,DKPt,FDPt,VBD,PosRank,OvRank,PlayerID
0,1.0,Christian McCaffrey,SFO,RB,27.0,11.0,11.0,0.0,0.0,0.0,0.0,0.0,193.0,939.0,4.87,11.0,58.0,48.0,389.0,8.1,5.0,3.0,2.0,16.0,,,225.0,272.8,280.8,248.8,113.0,1.0,1.0,McCaCh01
1,2.0,Tyreek Hill,MIA,WR,29.0,11.0,11.0,0.0,0.0,0.0,0.0,0.0,3.0,19.0,6.33,0.0,120.0,88.0,1324.0,15.05,10.0,1.0,1.0,10.0,,,192.0,280.3,284.3,236.3,100.0,1.0,2.0,HillTy00
2,3.0,Josh Allen,BUF,QB,27.0,12.0,12.0,295.0,433.0,3214.0,24.0,13.0,62.0,342.0,5.52,9.0,0.0,0.0,0.0,,0.0,4.0,3.0,9.0,,3.0,287.0,286.8,308.8,299.8,90.0,1.0,3.0,AlleJo02
3,4.0,Raheem Mostert,MIA,RB,31.0,11.0,11.0,0.0,0.0,0.0,0.0,0.0,151.0,785.0,5.2,13.0,27.0,20.0,158.0,7.9,2.0,4.0,1.0,15.0,,,182.0,202.3,209.3,192.3,73.0,2.0,4.0,MostRa00
4,5.0,Keenan Allen,LAC,WR,31.0,11.0,11.0,1.0,1.0,49.0,1.0,0.0,2.0,6.0,3.0,0.0,129.0,97.0,1117.0,11.52,7.0,2.0,1.0,7.0,,,158.0,255.3,259.3,206.8,68.0,2.0,5.0,AlleKe00
5,6.0,CeeDee Lamb,DAL,WR,24.0,11.0,11.0,0.0,0.0,0.0,0.0,0.0,7.0,54.0,7.71,1.0,104.0,78.0,1066.0,13.67,6.0,2.0,1.0,7.0,1.0,,154.0,232.0,236.0,193.0,64.0,3.0,6.0,LambCe00
6,7.0,Jalen Hurts,PHI,QB,25.0,11.0,11.0,242.0,358.0,2697.0,18.0,10.0,114.0,410.0,3.6,11.0,0.0,0.0,0.0,,0.0,6.0,4.0,11.0,,,259.0,258.9,278.9,268.9,64.0,2.0,7.0,HurtJa00
7,8.0,A.J. Brown,PHI,WR,26.0,11.0,11.0,0.0,0.0,0.0,0.0,0.0,0.0,0.0,,0.0,105.0,73.0,1050.0,14.38,7.0,0.0,0.0,7.0,,,147.0,220.0,223.0,183.5,58.0,4.0,8.0,BrowAJ00
8,9.0,Stefon Diggs,BUF,WR,30.0,12.0,12.0,0.0,0.0,0.0,0.0,0.0,0.0,0.0,,0.0,121.0,83.0,969.0,11.67,8.0,2.0,1.0,8.0,1.0,,145.0,227.9,231.9,186.4,56.0,5.0,9.0,DiggSt00
9,10.0,Mike Evans,TAM,WR,30.0,11.0,11.0,0.0,0.0,0.0,0.0,0.0,0.0,0.0,,0.0,91.0,54.0,850.0,15.74,9.0,0.0,0.0,9.0,,,139.0,193.0,196.0,166.0,50.0,6.0,10.0,EvanMi00
10,11.0,Travis Etienne,JAX,RB,24.0,11.0,11.0,0.0,0.0,0.0,0.0,0.0,194.0,726.0,3.74,7.0,48.0,36.0,312.0,8.67,1.0,0.0,0.0,8.0,2.0,,156.0,191.8,197.8,173.8,48.0,3.0,11.0,EtieTr00
11,12.0,T.J. Hockenson,MIN,TE,26.0,12.0,9.0,0.0,0.0,0.0,0.0,0.0,0.0,0.0,,0.0,108.0,80.0,786.0,9.83,5.0,1.0,1.0,5.0,,,107.0,186.6,190.6,146.6,46.0,1.0,12.0,HockTJ00
12,13.0,D.J. Moore,CHI,WR,26.0,12.0,12.0,0.0,0.0,0.0,0.0,0.0,1.0,1.0,1.0,0.0,93.0,70.0,1003.0,14.33,6.0,1.0,1.0,6.0,,,134.0,204.4,208.4,169.4,46.0,7.0,13.0,MoorD.00
13,14.0,Travis Kelce,KAN,TE,34.0,10.0,10.0,0.0,0.0,0.0,0.0,0.0,0.0,0.0,,0.0,88.0,70.0,732.0,10.46,5.0,1.0,1.0,5.0,,,101.0,171.2,175.2,136.2,41.0,2.0,14.0,KelcTr00
14,15.0,Amon-Ra St. Brown,DET,WR,24.0,10.0,10.0,0.0,0.0,0.0,0.0,0.0,3.0,13.0,4.33,0.0,109.0,82.0,993.0,12.11,5.0,1.0,1.0,5.0,,,129.0,210.6,214.6,169.6,40.0,8.0,15.0,StxxAm00
15,16.0,Ja'Marr Chase,CIN,WR,23.0,11.0,11.0,0.0,0.0,0.0,0.0,0.0,3.0,-6.0,-2.0,0.0,112.0,75.0,914.0,12.19,6.0,1.0,0.0,6.0,,,127.0,201.8,204.8,164.3,39.0,9.0,16.0,ChasJa00
16,17.0,George Kittle,SFO,TE,30.0,11.0,11.0,0.0,0.0,0.0,0.0,0.0,1.0,2.0,2.0,0.0,61.0,46.0,667.0,14.5,5.0,0.0,0.0,5.0,,,97.0,142.9,145.9,119.9,37.0,3.0,17.0,KittGe00
17,18.0,Brian Robinson Jr.,WAS,RB,24.0,12.0,12.0,0.0,0.0,0.0,0.0,0.0,153.0,611.0,3.99,5.0,36.0,29.0,326.0,11.24,3.0,3.0,1.0,8.0,1.0,,142.0,170.7,177.7,156.2,34.0,4.0,18.0,RobiBr01
18,19.0,Dak Prescott,DAL,QB,30.0,11.0,11.0,259.0,370.0,2935.0,23.0,6.0,34.0,151.0,4.44,2.0,0.0,0.0,0.0,,0.0,1.0,0.0,2.0,,1.0,227.0,226.5,238.5,232.5,33.0,3.0,19.0,PresDa01
19,20.0,Josh Jacobs,LVR,RB,25.0,12.0,12.0,0.0,0.0,0.0,0.0,0.0,220.0,771.0,3.5,6.0,52.0,35.0,280.0,8.0,0.0,3.0,1.0,6.0,,,139.0,174.1,181.1,156.6,32.0,5.0,20.0,JacoJo01
20,21.0,Mark Andrews,BAL,TE,28.0,10.0,9.0,0.0,0.0,0.0,0.0,0.0,1.0,0.0,0.0,0.0,61.0,45.0,544.0,12.09,6.0,1.0,0.0,6.0,,,90.0,135.4,138.4,112.9,31.0,4.0,21.0,AndrMa00
21,22.0,Brandon Aiyuk,SFO,WR,25.0,10.0,10.0,0.0,0.0,0.0,0.0,0.0,0.0,0.0,,0.0,65.0,45.0,881.0,19.58,5.0,0.0,0.0,5.0,,,118.0,163.1,166.1,140.6,30.0,10.0,22.0,AiyuBr00
22,23.0,Tank Dell,HOU,WR,24.0,10.0,8.0,0.0,0.0,0.0,0.0,0.0,11.0,51.0,4.64,0.0,75.0,47.0,709.0,15.09,7.0,1.0,0.0,7.0,,,118.0,165.0,168.0,141.5,30.0,11.0,23.0,DellNa00
23,24.0,Justin Herbert,LAC,QB,25.0,11.0,11.0,266.0,402.0,2826.0,20.0,6.0,48.0,233.0,4.85,3.0,1.0,1.0,10.0,10.0,0.0,4.0,1.0,3.0,,1.0,223.0,224.3,237.3,229.8,30.0,4.0,24.0,HerbJu00
24,25.0,Lamar Jackson,BAL,QB,26.0,12.0,12.0,228.0,334.0,2618.0,13.0,5.0,112.0,574.0,5.13,5.0,0.0,0.0,0.0,,0.0,11.0,6.0,5.0,,,222.0,222.1,239.1,227.1,29.0,5.0,25.0,JackLa00
25,26.0,C.J. Stroud,HOU,QB,22.0,11.0,11.0,249.0,391.0,3266.0,19.0,5.0,29.0,132.0,4.55,3.0,1.0,1.0,0.0,0.0,0.0,6.0,4.0,3.0,1.0,,222.0,222.8,237.8,227.3,29.0,6.0,26.0,StroCJ00
26,27.0,Sam LaPorta,DET,TE,22.0,11.0,9.0,0.0,0.0,0.0,0.0,0.0,0.0,0.0,,0.0,77.0,55.0,539.0,9.8,5.0,0.0,0.0,5.0,2.0,,88.0,142.9,145.9,115.4,29.0,5.0,27.0,LaPoSa01
27,28.0,Gus Edwards,BAL,RB,28.0,12.0,6.0,0.0,0.0,0.0,0.0,0.0,141.0,590.0,4.18,10.0,11.0,10.0,130.0,13.0,0.0,1.0,0.0,10.0,1.0,,134.0,144.0,150.0,139.0,27.0,6.0,28.0,EdwaGu00
28,29.0,Sam Howell,WAS,QB,23.0,12.0,12.0,323.0,486.0,3339.0,18.0,13.0,36.0,222.0,6.17,3.0,0.0,0.0,0.0,,0.0,4.0,2.0,3.0,1.0,,218.0,217.8,238.8,230.8,25.0,7.0,29.0,HoweSa00
29,30.0,Puka Nacua,LAR,WR,22.0,11.0,11.0,0.0,0.0,0.0,0.0,0.0,3.0,11.0,3.67,0.0,111.0,73.0,924.0,12.66,3.0,1.0,0.0,3.0,,,112.0,184.5,187.5,148.0,24.0,12.0,30.0,NacuPu00
30,31.0,Derrick Henry,TEN,RB,29.0,11.0,11.0,1.0,2.0,2.0,1.0,0.0,176.0,739.0,4.2,6.0,26.0,21.0,167.0,7.95,0.0,0.0,0.0,6.0,,,131.0,151.7,157.7,141.2,24.0,7.0,31.0,HenrDe00
31,32.0,Kyren Williams,LAR,RB,23.0,7.0,6.0,0.0,0.0,0.0,0.0,0.0,113.0,599.0,5.3,6.0,30.0,19.0,166.0,8.74,3.0,1.0,0.0,9.0,,,131.0,149.5,155.5,140.0,24.0,8.0,32.0,WillKy02
32,33.0,Jordan Addison,MIN,WR,21.0,12.0,9.0,0.0,0.0,0.0,0.0,0.0,1.0,2.0,2.0,0.0,82.0,54.0,686.0,12.7,7.0,0.0,0.0,7.0,,,111.0,164.8,167.8,137.8,24.0,13.0,33.0,AddiJo00
33,34.0,Nico Collins,HOU,WR,24.0,10.0,5.0,0.0,0.0,0.0,0.0,0.0,0.0,0.0,,0.0,73.0,50.0,800.0,16.0,5.0,0.0,0.0,5.0,,,110.0,160.0,163.0,135.0,23.0,14.0,34.0,CollNi00
34,35.0,David Montgomery,DET,RB,26.0,8.0,8.0,0.0,0.0,0.0,0.0,0.0,133.0,648.0,4.87,9.0,13.0,8.0,88.0,11.0,0.0,2.0,1.0,9.0,1.0,,128.0,135.6,139.6,131.6,21.0,9.0,35.0,MontDa01
35,36.0,Taysom Hill,NOR,TE,33.0,11.0,6.0,5.0,6.0,72.0,1.0,0.0,57.0,287.0,5.04,3.0,31.0,24.0,214.0,8.92,1.0,1.0,1.0,4.0,,,79.0,103.0,110.0,91.0,20.0,6.0,36.0,HillTa00
36,37.0,Bijan Robinson,ATL,RB,21.0,11.0,10.0,0.0,0.0,0.0,0.0,0.0,141.0,703.0,4.99,3.0,49.0,32.0,240.0,7.5,3.0,2.0,2.0,6.0,,,126.0,158.3,166.3,142.3,20.0,10.0,37.0,RobiBi01
37,38.0,Cole Kmet,CHI,TE,24.0,12.0,12.0,0.0,0.0,0.0,0.0,0.0,3.0,2.0,0.67,0.0,68.0,56.0,482.0,8.61,5.0,1.0,0.0,5.0,,,78.0,134.4,137.4,106.4,20.0,7.0,38.0,KmetCo00
38,39.0,D'Andre Swift,PHI,RB,24.0,11.0,10.0,0.0,0.0,0.0,0.0,0.0,161.0,770.0,4.78,4.0,39.0,34.0,201.0,5.91,1.0,3.0,1.0,5.0,,,125.0,159.1,166.1,142.1,19.0,11.0,39.0,SwifDA00
39,40.0,Davante Adams,LVR,WR,31.0,12.0,12.0,0.0,0.0,0.0,0.0,0.0,0.0,0.0,,0.0,118.0,69.0,814.0,11.8,4.0,0.0,0.0,4.0,,,105.0,174.4,177.4,139.9,18.0,15.0,40.0,AdamDa01
40,41.0,DeVonta Smith,PHI,WR,25.0,11.0,11.0,0.0,0.0,0.0,0.0,0.0,0.0,0.0,,0.0,76.0,55.0,738.0,13.42,5.0,0.0,0.0,5.0,,,104.0,158.8,161.8,131.3,17.0,16.0,41.0,SmitDe07
41,42.0,Patrick Mahomes,KAN,QB,28.0,11.0,11.0,280.0,411.0,2917.0,21.0,9.0,53.0,305.0,5.75,0.0,0.0,0.0,0.0,,0.0,3.0,2.0,0.0,,,209.0,209.2,226.2,218.2,17.0,8.0,42.0,MahoPa00
42,43.0,Isiah Pacheco,KAN,RB,24.0,11.0,10.0,0.0,0.0,0.0,0.0,0.0,158.0,669.0,4.23,5.0,34.0,30.0,196.0,6.53,1.0,0.0,0.0,6.0,,,123.0,152.5,158.5,137.5,16.0,12.0,43.0,PachIs00
43,44.0,Jakobi Meyers,LVR,WR,27.0,11.0,11.0,0.0,1.0,0.0,0.0,0.0,3.0,19.0,6.33,1.0,76.0,52.0,591.0,11.37,6.0,0.0,0.0,7.0,,,103.0,155.0,158.0,129.0,16.0,17.0,44.0,MeyeJa01
44,45.0,Dalton Schultz,HOU,TE,27.0,11.0,6.0,0.0,0.0,0.0,0.0,0.0,0.0,0.0,,0.0,61.0,40.0,455.0,11.38,5.0,1.0,1.0,5.0,,,74.0,113.5,117.5,93.5,15.0,8.0,45.0,SchuDa00
45,46.0,Kenneth Walker III,SEA,RB,23.0,10.0,10.0,0.0,0.0,0.0,0.0,0.0,149.0,613.0,4.11,6.0,23.0,17.0,173.0,10.18,1.0,0.0,0.0,7.0,,,121.0,137.6,143.6,129.1,14.0,13.0,46.0,WalkKe00
46,47.0,Calvin Ridley,JAX,WR,29.0,11.0,11.0,0.0,0.0,0.0,0.0,0.0,5.0,28.0,5.6,0.0,76.0,47.0,663.0,14.11,5.0,1.0,0.0,5.0,1.0,,101.0,148.1,151.1,124.6,14.0,18.0,47.0,RidlCa00
47,48.0,Rachaad White,TAM,RB,24.0,11.0,11.0,0.0,0.0,0.0,0.0,0.0,156.0,559.0,3.58,4.0,46.0,43.0,364.0,8.47,1.0,1.0,1.0,5.0,,,120.0,163.3,170.3,141.8,14.0,14.0,48.0,WhitRa01
48,49.0,James Cook,BUF,RB,24.0,12.0,8.0,0.0,0.0,0.0,0.0,0.0,153.0,731.0,4.78,1.0,39.0,33.0,308.0,9.33,2.0,2.0,1.0,3.0,,,120.0,152.9,159.9,136.4,14.0,15.0,49.0,CookJa01
49,50.0,Zack Moss,IND,RB,26.0,10.0,5.0,0.0,0.0,0.0,0.0,0.0,141.0,672.0,4.77,5.0,23.0,18.0,138.0,7.67,1.0,0.0,0.0,6.0,1.0,,119.0,137.0,143.0,128.0,13.0,16.0,50.0,MossZa00
50,51.0,Adam Thielen,CAR,WR,33.0,11.0,11.0,0.0,0.0,0.0,0.0,0.0,1.0,6.0,6.0,0.0,100.0,77.0,728.0,9.45,4.0,1.0,0.0,4.0,1.0,,99.0,176.4,179.4,137.9,13.0,19.0,51.0,ThieAd00
51,52.0,Michael Pittman Jr.,IND,WR,26.0,11.0,11.0,0.0,0.0,0.0,0.0,0.0,0.0,0.0,,0.0,111.0,76.0,784.0,10.32,3.0,1.0,0.0,3.0,1.0,,98.0,174.4,177.4,136.4,12.0,20.0,52.0,PittMi01
52,53.0,Courtland Sutton,DEN,WR,28.0,11.0,9.0,0.0,0.0,0.0,0.0,0.0,0.0,0.0,,0.0,68.0,48.0,560.0,11.67,8.0,3.0,3.0,8.0,,,98.0,146.0,152.0,122.0,11.0,21.0,53.0,SuttCo00
53,54.0,Joe Mixon,CIN,RB,27.0,11.0,11.0,0.0,0.0,0.0,0.0,0.0,161.0,621.0,3.86,4.0,40.0,33.0,232.0,7.03,1.0,0.0,0.0,5.0,,,115.0,148.3,154.3,131.8,10.0,17.0,54.0,MixoJo00
54,55.0,Jayden Reed,GNB,WR,23.0,11.0,9.0,0.0,0.0,0.0,0.0,0.0,7.0,81.0,11.57,1.0,59.0,36.0,497.0,13.81,5.0,2.0,0.0,6.0,1.0,,96.0,131.8,134.8,113.8,9.0,22.0,55.0,ReedJa03
55,56.0,Gabriel Davis,BUF,WR,24.0,12.0,12.0,0.0,0.0,0.0,0.0,0.0,1.0,-2.0,-2.0,0.0,67.0,39.0,595.0,15.26,6.0,1.0,1.0,6.0,1.0,,95.0,134.3,138.3,114.8,9.0,23.0,56.0,DaviGa01
56,57.0,Chris Olave,NOR,WR,23.0,11.0,9.0,0.0,0.0,0.0,0.0,0.0,0.0,0.0,,0.0,103.0,63.0,771.0,12.24,3.0,0.0,0.0,3.0,,,95.0,158.1,161.1,126.6,9.0,24.0,57.0,OlavCh00
57,58.0,Saquon Barkley,NYG,RB,26.0,9.0,9.0,0.0,0.0,0.0,0.0,0.0,165.0,697.0,4.22,1.0,40.0,28.0,168.0,6.0,4.0,1.0,1.0,5.0,,,115.0,142.5,149.5,128.5,9.0,18.0,58.0,BarkSa00
58,59.0,Jahmyr Gibbs,DET,RB,21.0,9.0,3.0,0.0,0.0,0.0,0.0,0.0,109.0,566.0,5.19,5.0,52.0,41.0,278.0,6.78,0.0,0.0,0.0,5.0,,,114.0,155.4,161.4,134.9,9.0,19.0,59.0,GibbJa01
59,60.0,Tony Pollard,DAL,RB,26.0,11.0,11.0,0.0,0.0,0.0,0.0,0.0,160.0,669.0,4.18,4.0,46.0,39.0,233.0,5.97,0.0,3.0,1.0,4.0,1.0,,114.0,153.2,160.2,133.7,8.0,20.0,60.0,PollTo00
60,61.0,Jake Ferguson,DAL,TE,24.0,11.0,10.0,0.0,0.0,0.0,0.0,0.0,0.0,0.0,,0.0,58.0,40.0,421.0,10.53,4.0,0.0,0.0,4.0,,,66.0,106.1,109.1,86.1,8.0,9.0,61.0,FergJa00
61,62.0,DeAndre Hopkins,TEN,WR,31.0,11.0,11.0,0.0,0.0,0.0,0.0,0.0,1.0,5.0,5.0,0.0,83.0,45.0,699.0,15.53,4.0,0.0,0.0,4.0,,,94.0,139.4,142.4,116.9,8.0,25.0,62.0,HopkDe00
62,63.0,Brock Purdy,SFO,QB,24.0,11.0,11.0,214.0,305.0,2871.0,19.0,6.0,33.0,122.0,3.7,2.0,0.0,0.0,0.0,,0.0,6.0,2.0,2.0,,,199.0,199.0,213.0,205.0,7.0,9.0,63.0,PurdBr00
63,64.0,Breece Hall,NYJ,RB,22.0,11.0,11.0,0.0,0.0,0.0,0.0,0.0,124.0,569.0,4.59,2.0,49.0,38.0,320.0,8.42,2.0,2.0,0.0,4.0,,,113.0,150.9,156.9,131.9,7.0,21.0,64.0,HallBr03
64,65.0,Jordan Love,GNB,QB,25.0,11.0,11.0,225.0,372.0,2599.0,19.0,10.0,37.0,221.0,5.97,2.0,0.0,0.0,0.0,,0.0,6.0,0.0,2.0,,2.0,198.0,198.1,214.1,208.1,6.0,10.0,65.0,LoveJo03
65,66.0,Christian Kirk,JAX,WR,27.0,11.0,11.0,1.0,2.0,-1.0,0.0,0.0,1.0,6.0,6.0,0.0,84.0,56.0,761.0,13.59,3.0,2.0,2.0,3.0,,,91.0,146.7,151.7,118.7,5.0,26.0,66.0,KirkCh01
66,67.0,Joshua Dobbs,2TM,QB,28.0,12.0,11.0,252.0,394.0,2401.0,13.0,10.0,72.0,400.0,5.56,6.0,0.0,0.0,0.0,,0.0,14.0,7.0,6.0,2.0,1.0,196.0,196.0,219.0,206.0,4.0,11.0,67.0,DobbJo00
67,68.0,Jerome Ford,CLE,RB,24.0,11.0,7.0,0.0,0.0,0.0,0.0,0.0,145.0,628.0,4.33,3.0,41.0,27.0,163.0,6.04,2.0,1.0,1.0,5.0,1.0,,109.0,136.1,143.1,122.6,4.0,22.0,68.0,FordJe00
68,69.0,Amari Cooper,CLE,WR,29.0,11.0,11.0,0.0,0.0,0.0,0.0,0.0,0.0,0.0,,0.0,86.0,47.0,765.0,16.28,2.0,1.0,0.0,2.0,,,89.0,135.5,138.5,112.0,3.0,27.0,69.0,CoopAm00
69,70.0,Jaylen Waddle,MIA,WR,25.0,10.0,10.0,0.0,0.0,0.0,0.0,0.0,2.0,10.0,5.0,0.0,75.0,52.0,691.0,13.29,3.0,0.0,0.0,3.0,,,88.0,140.1,143.1,114.1,2.0,28.0,70.0,WaddJa00
70,71.0,David Njoku,CLE,TE,27.0,11.0,11.0,0.0,0.0,0.0,0.0,0.0,0.0,0.0,,0.0,78.0,51.0,492.0,9.65,2.0,1.0,1.0,2.0,,,59.0,110.2,114.2,84.7,2.0,10.0,71.0,NjokDa00
71,72.0,Terry McLaurin,WAS,WR,28.0,12.0,12.0,0.0,0.0,0.0,0.0,0.0,0.0,0.0,,0.0,97.0,60.0,694.0,11.57,2.0,0.0,0.0,3.0,,,87.0,147.4,150.4,117.4,2.0,29.0,72.0,McLaTe00
72,73.0,Trey McBride,ARI,TE,24.0,12.0,7.0,0.0,0.0,0.0,0.0,0.0,0.0,0.0,,0.0,65.0,48.0,521.0,10.85,1.0,0.0,0.0,1.0,,,58.0,106.1,109.1,82.1,1.0,11.0,73.0,McBrTr01
73,74.0,Rhamondre Stevenson,NWE,RB,25.0,11.0,11.0,0.0,0.0,0.0,0.0,0.0,147.0,580.0,3.95,4.0,50.0,37.0,238.0,6.43,0.0,0.0,0.0,4.0,,,106.0,142.8,148.8,124.3,1.0,23.0,74.0,StevRh00
74,75.0,Dalton Kincaid,BUF,TE,24.0,11.0,9.0,0.0,0.0,0.0,0.0,0.0,0.0,0.0,,0.0,64.0,56.0,474.0,8.46,2.0,1.0,1.0,2.0,,,57.0,113.4,117.4,85.4,,12.0,75.0,KincDa00
75,76.0,Henry Pearson,GNB,,24.0,1.0,0.0,0.0,0.0,0.0,0.0,0.0,0.0,0.0,,0.0,0.0,0.0,0.0,,0.0,0.0,0.0,0.0,,,,,,,,1.0,76.0,PearHe00
76,77.0,Alvin Kamara,NOR,RB,28.0,8.0,8.0,0.0,0.0,0.0,0.0,0.0,119.0,457.0,3.84,2.0,61.0,54.0,355.0,6.57,1.0,0.0,0.0,3.0,3.0,,105.0,159.2,165.2,132.2,,24.0,77.0,KamaAl00
77,78.0,Jared Goff,DET,QB,29.0,11.0,11.0,275.0,405.0,3075.0,18.0,8.0,26.0,23.0,0.88,2.0,0.0,0.0,0.0,,0.0,5.0,3.0,2.0,,2.0,191.0,191.3,205.3,199.3,,12.0,78.0,GoffJa00
78,79.0,Tua Tagovailoa,MIA,QB,25.0,11.0,11.0,263.0,377.0,3177.0,22.0,10.0,27.0,40.0,1.48,0.0,0.0,0.0,0.0,,0.0,10.0,4.0,0.0,,,191.0,191.1,208.1,201.1,,13.0,,TagoTu00
79,80.0,Russell Wilson,DEN,QB,35.0,11.0,11.0,218.0,319.0,2199.0,20.0,4.0,53.0,266.0,5.02,1.0,0.0,0.0,0.0,,0.0,7.0,4.0,1.0,,,185.0,184.6,198.6,188.6,,14.0,,WilsRu00
80,81.0,Trevor Lawrence,JAX,QB,24.0,11.0,11.0,249.0,370.0,2746.0,12.0,7.0,51.0,240.0,4.71,3.0,0.0,0.0,0.0,,0.0,7.0,4.0,3.0,,1.0,180.0,179.8,196.8,186.8,,15.0,,LawrTr00
81,82.0,Baker Mayfield,TAM,QB,28.0,11.0,11.0,246.0,380.0,2588.0,17.0,7.0,44.0,153.0,3.48,0.0,0.0,0.0,0.0,,0.0,7.0,2.0,0.0,,2.0,173.0,172.8,187.8,179.8,,16.0,,MayfBa00
82,83.0,Kirk Cousins,MIN,QB,35.0,8.0,8.0,216.0,311.0,2331.0,18.0,5.0,14.0,25.0,1.79,0.0,0.0,0.0,0.0,,0.0,7.0,4.0,0.0,,,150.0,149.7,161.7,154.7,,17.0,,CousKi00
83,84.0,Joe Burrow,CIN,QB,27.0,10.0,10.0,244.0,365.0,2309.0,15.0,6.0,31.0,88.0,2.84,0.0,0.0,0.0,0.0,,0.0,2.0,1.0,0.0,,,147.0,147.2,157.2,153.2,,18.0,,BurrJo01
84,85.0,Matthew Stafford,LAR,QB,35.0,10.0,10.0,208.0,342.0,2489.0,13.0,9.0,16.0,71.0,4.44,0.0,0.0,0.0,0.0,,0.0,0.0,0.0,0.0,1.0,1.0,145.0,144.7,156.7,153.7,,19.0,,StafMa00
85,86.0,Geno Smith,SEA,QB,33.0,11.0,11.0,236.0,361.0,2584.0,12.0,8.0,28.0,86.0,3.07,0.0,1.0,1.0,-2.0,-2.0,0.0,3.0,2.0,0.0,,1.0,142.0,142.8,155.8,150.3,,20.0,,SmitGe00
86,87.0,Justin Fields,CHI,QB,24.0,8.0,8.0,143.0,222.0,1587.0,12.0,6.0,77.0,400.0,5.19,1.0,0.0,0.0,0.0,,0.0,7.0,4.0,1.0,,,137.0,137.5,153.5,143.5,,21.0,,FielJu00
87,88.0,Derek Carr,NOR,QB,32.0,11.0,11.0,244.0,372.0,2535.0,10.0,5.0,21.0,40.0,1.9,0.0,0.0,0.0,0.0,,0.0,5.0,2.0,0.0,,1.0,133.0,133.4,143.4,138.4,,22.0,,CarrDe02
88,89.0,Desmond Ridder,ATL,QB,24.0,10.0,9.0,174.0,267.0,1908.0,7.0,8.0,39.0,180.0,4.62,4.0,1.0,1.0,-6.0,-6.0,0.0,7.0,6.0,4.0,,1.0,120.0,120.7,140.7,128.2,,23.0,,RiddDe00
89,90.0,Gardner Minshew II,IND,QB,27.0,11.0,7.0,187.0,297.0,1972.0,8.0,7.0,20.0,50.0,2.5,3.0,0.0,0.0,0.0,,0.0,6.0,4.0,3.0,,,112.0,111.9,125.9,118.9,,24.0,,MinsGa00
90,91.0,Kenny Pickett,PIT,QB,25.0,11.0,11.0,194.0,314.0,2000.0,6.0,4.0,39.0,51.0,1.31,1.0,0.0,0.0,0.0,,0.0,1.0,0.0,1.0,,,107.0,107.1,114.1,111.1,,25.0,,PickKe00
91,92.0,Mac Jones,NWE,QB,25.0,11.0,11.0,224.0,345.0,2120.0,10.0,12.0,26.0,96.0,3.69,0.0,0.0,0.0,0.0,,0.0,3.0,2.0,0.0,,,106.0,106.4,123.4,118.4,,26.0,,JoneMa05
92,93.0,Bryce Young,CAR,QB,22.0,10.0,10.0,216.0,350.0,1877.0,9.0,8.0,25.0,161.0,6.44,0.0,0.0,0.0,0.0,,0.0,6.0,4.0,0.0,,1.0,105.0,105.2,123.2,113.2,,27.0,,YounBr01
93,94.0,Zach Wilson,NYJ,QB,24.0,10.0,9.0,190.0,321.0,1944.0,6.0,7.0,33.0,199.0,6.03,0.0,0.0,0.0,0.0,,0.0,9.0,5.0,0.0,1.0,1.0,102.0,101.7,119.7,108.7,,28.0,,WilsZa00
94,95.0,Austin Ekeler,LAC,RB,28.0,8.0,8.0,0.0,0.0,0.0,0.0,0.0,112.0,428.0,3.82,4.0,44.0,29.0,286.0,9.86,1.0,3.0,3.0,5.0,,,95.0,124.4,133.4,109.9,,25.0,,EkelAu00
95,96.0,Najee Harris,PIT,RB,25.0,11.0,11.0,0.0,0.0,0.0,0.0,0.0,143.0,598.0,4.18,4.0,27.0,19.0,116.0,6.11,0.0,1.0,0.0,4.0,,,95.0,114.4,120.4,104.9,,26.0,,HarrNa00
96,97.0,Jaylen Warren,PIT,RB,25.0,11.0,0.0,0.0,0.0,0.0,0.0,0.0,93.0,542.0,5.83,3.0,45.0,37.0,247.0,6.68,0.0,2.0,1.0,3.0,,,95.0,131.9,138.9,113.4,,27.0,,WarrJa01
97,98.0,De'Von Achane,MIA,RB,22.0,5.0,2.0,0.0,0.0,0.0,0.0,0.0,39.0,461.0,11.82,5.0,12.0,10.0,71.0,7.1,2.0,1.0,1.0,7.0,,,93.0,103.2,107.2,98.2,,28.0,,AchaDe00
98,99.0,Alexander Mattison,MIN,RB,25.0,12.0,12.0,0.0,0.0,0.0,0.0,0.0,158.0,594.0,3.76,0.0,40.0,27.0,174.0,6.44,3.0,3.0,2.0,3.0,,,91.0,117.8,125.8,104.3,,29.0,,MattAl01
99,100.0,Deshaun Watson,CLE,QB,28.0,6.0,6.0,105.0,171.0,1115.0,7.0,4.0,26.0,142.0,5.46,1.0,0.0,0.0,0.0,,0.0,5.0,2.0,1.0,3.0,,87.0,86.8,98.8,90.8,,29.0,,WatsDe00
100,101.0,D.K. Metcalf,SEA,WR,26.0,10.0,10.0,0.0,0.0,0.0,0.0,0.0,0.0,0.0,,0.0,80.0,43.0,678.0,15.77,3.0,0.0,0.0,3.0,,,86.0,128.8,131.8,107.3,,30.0,,MetcDK00
101,102.0,George Pickens,PIT,WR,22.0,11.0,11.0,0.0,0.0,0.0,0.0,0.0,2.0,15.0,7.5,0.0,73.0,40.0,662.0,16.55,3.0,1.0,0.0,3.0,,,86.0,125.7,128.7,105.7,,31.0,,PickGe00
102,103.0,Romeo Doubs,GNB,WR,23.0,11.0,10.0,0.0,0.0,0.0,0.0,0.0,0.0,0.0,,0.0,69.0,41.0,433.0,10.56,7.0,0.0,0.0,7.0,,,85.0,126.3,129.3,105.8,,32.0,,DoubRo00
103,104.0,Zay Flowers,BAL,WR,23.0,12.0,12.0,0.0,0.0,0.0,0.0,0.0,8.0,56.0,7.0,1.0,80.0,58.0,613.0,10.57,2.0,0.0,0.0,3.0,,,85.0,142.9,145.9,113.9,,34.0,,FlowZa00
104,105.0,Deebo Samuel,SFO,WR,27.0,9.0,9.0,0.0,1.0,0.0,0.0,0.0,26.0,138.0,5.31,3.0,49.0,34.0,474.0,13.94,1.0,1.0,0.0,4.0,,,85.0,119.2,125.2,102.2,,33.0,,SamuDe00
105,106.0,Jonathan Taylor,IND,RB,24.0,7.0,5.0,0.0,0.0,0.0,0.0,0.0,100.0,414.0,4.14,4.0,19.0,16.0,137.0,8.56,1.0,0.0,0.0,5.0,,,85.0,101.1,107.1,93.1,,30.0,,TaylJo02
106,107.0,Marquise Brown,ARI,WR,26.0,12.0,12.0,0.0,0.0,0.0,0.0,0.0,2.0,23.0,11.5,0.0,98.0,51.0,574.0,11.25,4.0,0.0,0.0,4.0,,,84.0,134.7,137.7,109.2,,36.0,,BrowMa04
107,108.0,Tyler Lockett,SEA,WR,31.0,11.0,11.0,0.0,0.0,0.0,0.0,0.0,0.0,0.0,,0.0,79.0,54.0,575.0,10.65,4.0,0.0,0.0,4.0,1.0,,84.0,137.5,140.5,110.5,,37.0,,LockTy00
108,109.0,Garrett Wilson,NYJ,WR,23.0,11.0,11.0,0.0,1.0,0.0,0.0,0.0,1.0,6.0,6.0,0.0,113.0,64.0,695.0,10.86,3.0,2.0,2.0,3.0,,,84.0,148.1,153.1,116.1,,35.0,,WilsGa00
109,110.0,Rashee Rice,KAN,WR,23.0,11.0,4.0,0.0,0.0,0.0,0.0,0.0,1.0,-3.0,-3.0,0.0,56.0,44.0,527.0,11.98,5.0,0.0,0.0,5.0,,,82.0,126.4,129.4,104.4,,38.0,,RiceRa01
110,111.0,Javonte Williams,DEN,RB,23.0,10.0,9.0,0.0,0.0,0.0,0.0,0.0,140.0,538.0,3.84,0.0,34.0,26.0,131.0,5.04,2.0,0.0,0.0,2.0,1.0,,81.0,106.9,112.9,93.9,,31.0,,WillJa10
111,112.0,Rashid Shaheed,NOR,WR,25.0,11.0,5.0,0.0,0.0,0.0,0.0,0.0,6.0,33.0,5.5,0.0,55.0,33.0,534.0,16.18,3.0,1.0,1.0,4.0,,,79.0,111.7,115.7,95.2,,39.0,,ShahRa00
112,113.0,Devin Singletary,HOU,RB,26.0,11.0,4.0,1.0,1.0,6.0,1.0,0.0,120.0,489.0,4.08,2.0,22.0,18.0,113.0,6.28,0.0,0.0,0.0,2.0,,,76.0,94.4,100.4,85.4,,32.0,,SingDe00
113,114.0,Tyler Allgeier,ATL,RB,23.0,11.0,2.0,0.0,0.0,0.0,0.0,0.0,135.0,466.0,3.45,3.0,17.0,12.0,83.0,6.92,0.0,0.0,0.0,3.0,1.0,,75.0,86.9,89.9,80.9,,33.0,,AllgTy00
114,115.0,D'Onta Foreman,CHI,RB,27.0,7.0,6.0,0.0,0.0,0.0,0.0,0.0,92.0,381.0,4.14,4.0,13.0,9.0,55.0,6.11,1.0,1.0,0.0,5.0,,,74.0,82.6,85.6,78.1,,35.0,,ForeDO00
115,116.0,Chuba Hubbard,CAR,RB,24.0,11.0,6.0,0.0,0.0,0.0,0.0,0.0,118.0,453.0,3.84,2.0,32.0,28.0,165.0,5.89,0.0,1.0,0.0,2.0,,,74.0,101.8,107.8,87.8,,34.0,,HubbCh01
116,117.0,Justin Jefferson,MIN,WR,24.0,5.0,5.0,0.0,0.0,0.0,0.0,0.0,0.0,0.0,,0.0,53.0,36.0,571.0,15.86,3.0,1.0,1.0,3.0,,,73.0,109.1,113.1,91.1,,40.0,,JeffJu00
117,118.0,Anthony Richardson,IND,QB,21.0,4.0,4.0,50.0,84.0,577.0,3.0,1.0,25.0,136.0,5.44,4.0,0.0,0.0,0.0,,0.0,3.0,1.0,4.0,,2.0,73.0,72.7,80.7,73.7,,30.0,,RichAn03
118,119.0,Brandin Cooks,DAL,WR,30.0,10.0,9.0,0.0,0.0,0.0,0.0,0.0,3.0,23.0,7.67,0.0,48.0,33.0,452.0,13.7,4.0,1.0,0.0,4.0,,,72.0,104.5,107.5,88.0,,41.0,,CookBr00
119,120.0,Kareem Hunt,CLE,RB,28.0,9.0,2.0,0.0,0.0,0.0,0.0,0.0,89.0,286.0,3.21,6.0,12.0,9.0,59.0,6.56,0.0,0.0,0.0,6.0,,,71.0,79.5,82.5,75.0,,36.0,,HuntKa00
120,121.0,Tutu Atwell,LAR,WR,24.0,11.0,11.0,0.0,0.0,0.0,0.0,0.0,4.0,35.0,8.75,0.0,60.0,36.0,467.0,12.97,3.0,0.0,0.0,3.0,,1.0,70.0,106.2,109.2,88.2,,42.0,,AtweTu00
121,122.0,Chris Godwin,TAM,WR,27.0,11.0,11.0,0.0,1.0,0.0,0.0,0.0,1.0,14.0,14.0,0.0,82.0,53.0,606.0,11.43,1.0,0.0,0.0,1.0,1.0,,70.0,123.0,126.0,96.5,,43.0,,GodwCh00
122,123.0,AJ Dillon,GNB,RB,25.0,11.0,4.0,0.0,0.0,0.0,0.0,0.0,131.0,448.0,3.42,1.0,24.0,19.0,184.0,9.68,0.0,0.0,0.0,1.0,,,69.0,88.2,94.2,78.7,,37.0,,DillAJ00
123,124.0,Josh Downs,IND,WR,22.0,11.0,7.0,0.0,0.0,0.0,0.0,0.0,0.0,0.0,,0.0,73.0,48.0,566.0,11.79,2.0,0.0,0.0,2.0,,,69.0,116.6,119.6,92.6,,45.0,,DownJo00
124,125.0,Drake London,ATL,WR,22.0,10.0,10.0,1.0,1.0,22.0,0.0,0.0,0.0,0.0,,0.0,68.0,45.0,565.0,12.56,2.0,0.0,0.0,2.0,,,69.0,114.4,117.4,91.9,,44.0,,LondDr00
125,126.0,James Conner,ARI,RB,28.0,8.0,8.0,0.0,0.0,0.0,0.0,0.0,104.0,526.0,5.06,2.0,18.0,14.0,36.0,2.57,0.0,0.0,0.0,2.0,,,68.0,82.2,85.2,75.2,,38.0,,ConnJa00
126,127.0,Jahan Dotson,WAS,WR,23.0,12.0,11.0,0.0,0.0,0.0,0.0,0.0,0.0,0.0,,0.0,69.0,42.0,435.0,10.36,4.0,0.0,0.0,4.0,,,68.0,109.5,112.5,88.5,,46.0,,DotsJa00
127,128.0,Josh Reynolds,DET,WR,28.0,11.0,8.0,0.0,0.0,0.0,0.0,0.0,0.0,0.0,,0.0,41.0,27.0,438.0,16.22,4.0,1.0,1.0,4.0,,,66.0,92.8,96.8,79.3,,47.0,,ReynJo00
128,129.0,Jimmy Garoppolo,LVR,QB,32.0,6.0,6.0,110.0,168.0,1205.0,7.0,9.0,20.0,39.0,1.95,0.0,0.0,0.0,0.0,,0.0,1.0,0.0,0.0,,1.0,64.0,64.1,76.1,73.1,,31.0,,GaroJi00
129,130.0,Curtis Samuel,WAS,WR,27.0,11.0,8.0,0.0,0.0,0.0,0.0,0.0,4.0,20.0,5.0,1.0,63.0,47.0,443.0,9.43,2.0,0.0,0.0,3.0,,,64.0,111.3,114.3,87.8,,48.0,,SamuCu00
130,131.0,Kendrick Bourne,NWE,WR,28.0,8.0,5.0,0.0,0.0,0.0,0.0,0.0,1.0,4.0,4.0,0.0,55.0,37.0,406.0,10.97,4.0,1.0,1.0,4.0,,,63.0,100.0,104.0,81.5,,49.0,,BourKe00
131,132.0,Tommy DeVito,NYG,QB,25.0,5.0,3.0,66.0,105.0,697.0,7.0,3.0,21.0,83.0,3.95,1.0,0.0,0.0,0.0,,0.0,2.0,1.0,1.0,,,62.0,62.2,69.2,65.2,,32.0,,DeViTo00
132,133.0,Will Levis,TEN,QB,24.0,5.0,5.0,91.0,152.0,1042.0,6.0,2.0,15.0,12.0,0.8,0.0,0.0,0.0,0.0,,0.0,1.0,1.0,0.0,,,61.0,60.9,66.9,62.9,,33.0,,LeviWi00
133,134.0,Tyler Boyd,CIN,WR,29.0,11.0,10.0,0.0,0.0,0.0,0.0,0.0,1.0,6.0,6.0,0.0,72.0,50.0,462.0,9.24,2.0,0.0,0.0,2.0,,,59.0,108.8,111.8,83.8,,50.0,,BoydTy00
134,135.0,Ezekiel Elliott,NWE,RB,28.0,11.0,0.0,0.0,0.0,0.0,0.0,0.0,95.0,377.0,3.97,2.0,26.0,20.0,114.0,5.7,0.0,1.0,1.0,2.0,,,59.0,79.1,86.1,69.1,,39.0,,ElliEz00
135,136.0,Kyler Murray,ARI,QB,26.0,3.0,3.0,66.0,107.0,719.0,2.0,2.0,14.0,86.0,6.14,3.0,0.0,0.0,0.0,,0.0,1.0,0.0,3.0,,,59.0,59.4,64.4,61.4,,34.0,,MurrKy00
136,137.0,Aaron Jones,GNB,RB,29.0,7.0,7.0,0.0,0.0,0.0,0.0,0.0,66.0,245.0,3.71,2.0,30.0,19.0,169.0,8.89,1.0,2.0,1.0,3.0,,,57.0,76.4,83.4,66.9,,40.0,,JoneAa00
137,138.0,Daniel Jones,NYG,QB,26.0,6.0,6.0,108.0,160.0,909.0,2.0,6.0,40.0,206.0,5.15,1.0,0.0,0.0,0.0,,0.0,4.0,1.0,1.0,,,57.0,57.0,70.0,63.0,,35.0,,JoneDa05
138,139.0,Logan Thomas,WAS,TE,32.0,11.0,11.0,0.0,0.0,0.0,0.0,0.0,1.0,2.0,2.0,0.0,62.0,45.0,424.0,9.42,3.0,2.0,2.0,3.0,,,57.0,101.6,106.6,79.1,,13.0,,ThomLo00
139,140.0,Latavius Murray,BUF,RB,33.0,12.0,4.0,0.0,0.0,0.0,0.0,0.0,70.0,280.0,4.0,3.0,20.0,16.0,98.0,6.13,0.0,0.0,0.0,3.0,,,56.0,71.8,74.8,63.8,,41.0,,MurrLa00
140,141.0,Michael Wilson,ARI,WR,23.0,9.0,8.0,0.0,0.0,0.0,0.0,0.0,0.0,0.0,,0.0,39.0,28.0,435.0,15.54,2.0,0.0,0.0,2.0,,,56.0,83.5,86.5,69.5,,51.0,,WilsMi02
141,142.0,Aidan O'Connell,LVR,QB,25.0,6.0,5.0,113.0,178.0,1194.0,4.0,6.0,6.0,9.0,1.5,1.0,0.0,0.0,0.0,,0.0,4.0,2.0,1.0,,,55.0,54.7,65.7,60.7,,36.0,,OConAi00
142,143.0,Jaleel McLaughlin,DEN,RB,23.0,11.0,1.0,0.0,0.0,0.0,0.0,0.0,47.0,281.0,5.98,1.0,21.0,19.0,83.0,4.37,2.0,0.0,0.0,3.0,,,54.0,73.4,76.4,63.9,,42.0,,McLaJa00
143,144.0,K.J. Osborn,MIN,WR,26.0,11.0,10.0,0.0,0.0,0.0,0.0,0.0,0.0,0.0,,0.0,55.0,36.0,418.0,11.61,2.0,1.0,0.0,2.0,,,54.0,89.8,92.8,71.8,,52.0,,OsboKJ00
144,145.0,Tyson Bagent,CHI,QB,23.0,5.0,4.0,94.0,143.0,859.0,3.0,6.0,23.0,109.0,4.74,2.0,0.0,0.0,0.0,,0.0,3.0,2.0,2.0,,,53.0,53.3,67.3,59.3,,37.0,,BageTy00
145,146.0,Dallas Goedert,PHI,TE,28.0,9.0,9.0,0.0,0.0,0.0,0.0,0.0,0.0,0.0,,0.0,52.0,38.0,410.0,10.79,2.0,0.0,0.0,2.0,,,53.0,91.0,94.0,72.0,,14.0,,GoedDa00
146,147.0,Rondale Moore,ARI,WR,23.0,12.0,5.0,0.0,0.0,0.0,0.0,0.0,23.0,156.0,6.78,1.0,45.0,28.0,254.0,9.07,1.0,0.0,0.0,2.0,,,53.0,81.0,87.0,67.0,,53.0,,MoorRo02
147,148.0,Cade Otton,TAM,TE,24.0,11.0,11.0,0.0,0.0,0.0,0.0,0.0,0.0,0.0,,0.0,50.0,38.0,348.0,9.16,3.0,1.0,1.0,3.0,1.0,,53.0,90.8,94.8,71.8,,15.0,,OttoCa00
148,149.0,Samaje Perine,DEN,RB,28.0,11.0,1.0,0.0,0.0,0.0,0.0,0.0,36.0,173.0,4.81,1.0,37.0,33.0,337.0,10.21,0.0,3.0,2.0,1.0,,,53.0,86.0,94.0,69.5,,43.0,,PeriSa00
149,150.0,Khalil Shakir,BUF,WR,23.0,12.0,6.0,0.0,0.0,0.0,0.0,0.0,0.0,0.0,,0.0,30.0,25.0,410.0,16.4,2.0,1.0,0.0,2.0,,,53.0,78.0,81.0,65.5,,54.0,,ShakKh00
150,151.0,Jaxon Smith-Njigba,SEA,WR,21.0,11.0,2.0,0.0,0.0,0.0,0.0,0.0,0.0,0.0,,0.0,57.0,38.0,406.0,10.68,2.0,0.0,0.0,2.0,,,53.0,90.6,93.6,71.6,,56.0,,SmitJa06
151,152.0,Christian Watson,GNB,WR,24.0,8.0,8.0,0.0,0.0,0.0,0.0,0.0,2.0,-4.0,-2.0,0.0,44.0,21.0,351.0,16.71,3.0,0.0,0.0,3.0,,,53.0,73.7,76.7,63.2,,55.0,,WatsCh00
152,153.0,Antonio Gibson,WAS,RB,25.0,11.0,0.0,0.0,0.0,0.0,0.0,0.0,36.0,158.0,4.39,0.0,39.0,33.0,285.0,8.64,2.0,3.0,2.0,2.0,,,52.0,85.3,93.3,68.8,,44.0,,GibsAn00
153,154.0,Justice Hill,BAL,RB,26.0,11.0,4.0,0.0,0.0,0.0,0.0,0.0,66.0,290.0,4.39,3.0,18.0,16.0,73.0,4.56,0.0,1.0,1.0,3.0,,,52.0,68.3,72.3,60.3,,45.0,,HillJu00
154,155.0,Jonnu Smith,ATL,TE,28.0,11.0,3.0,0.0,1.0,0.0,0.0,0.0,1.0,0.0,0.0,0.0,45.0,35.0,423.0,12.09,2.0,1.0,1.0,2.0,,,52.0,87.3,91.3,69.8,,16.0,,SmitJo01
155,156.0,Odell Beckham Jr.,BAL,WR,31.0,10.0,5.0,0.0,0.0,0.0,0.0,0.0,0.0,0.0,,0.0,47.0,27.0,408.0,15.11,2.0,1.0,1.0,2.0,,,51.0,77.8,81.8,64.3,,57.0,,BeckOd00
156,157.0,Ryan Tannehill,TEN,QB,35.0,6.0,6.0,98.0,158.0,1128.0,2.0,6.0,12.0,40.0,3.33,1.0,0.0,0.0,0.0,,0.0,3.0,0.0,1.0,,,51.0,51.1,60.1,57.1,,38.0,,TannRy00
157,158.0,Michael Thomas,NOR,WR,30.0,10.0,7.0,0.0,0.0,0.0,0.0,0.0,0.0,0.0,,0.0,64.0,39.0,448.0,11.49,1.0,0.0,0.0,1.0,,,51.0,89.8,92.8,70.3,,58.0,,ThomMi05
158,159.0,Noah Brown,HOU,WR,27.0,5.0,2.0,0.0,0.0,0.0,0.0,0.0,1.0,-1.0,-1.0,0.0,28.0,21.0,439.0,20.9,1.0,0.0,0.0,1.0,,,50.0,70.8,73.8,60.3,,60.0,,BrowNo00
159,160.0,Rico Dowdle,DAL,RB,25.0,11.0,0.0,0.0,0.0,0.0,0.0,0.0,58.0,246.0,4.24,1.0,11.0,10.0,69.0,6.9,2.0,0.0,0.0,3.0,,,50.0,59.5,62.5,54.5,,47.0,,DowdRi01
160,161.0,Evan Engram,JAX,TE,29.0,11.0,10.0,0.0,0.0,0.0,0.0,0.0,0.0,0.0,,0.0,82.0,64.0,524.0,8.19,0.0,2.0,1.0,0.0,,,50.0,114.4,118.4,82.4,,17.0,,EngrEv00
161,162.0,Jerry Jeudy,DEN,WR,24.0,10.0,7.0,0.0,0.0,0.0,0.0,0.0,0.0,0.0,,0.0,53.0,37.0,440.0,11.89,1.0,1.0,0.0,1.0,,,50.0,87.0,90.0,68.5,,59.0,,JeudJe00
162,163.0,Joshua Kelley,LAC,RB,26.0,11.0,3.0,0.0,0.0,0.0,0.0,0.0,88.0,360.0,4.09,2.0,8.0,5.0,17.0,3.4,0.0,0.0,0.0,2.0,,,50.0,54.7,57.7,52.2,,46.0,,KellJo01
163,164.0,Kyle Pitts,ATL,TE,23.0,11.0,9.0,0.0,0.0,0.0,0.0,0.0,1.0,-4.0,-4.0,0.0,60.0,37.0,441.0,11.92,1.0,0.0,0.0,1.0,,,50.0,86.7,89.7,68.2,,18.0,,PittKy00
164,165.0,Darius Slayton,NYG,WR,26.0,12.0,8.0,0.0,0.0,0.0,0.0,0.0,0.0,0.0,,0.0,53.0,32.0,435.0,13.59,1.0,0.0,0.0,1.0,,,50.0,81.5,84.5,65.5,,61.0,,SlayDa01
165,166.0,Khalil Herbert,CHI,RB,25.0,7.0,6.0,0.0,0.0,0.0,0.0,0.0,73.0,331.0,4.53,0.0,23.0,14.0,103.0,7.36,1.0,1.0,1.0,1.0,1.0,,49.0,63.4,70.4,56.4,,48.0,,HerbKh00
166,167.0,Dameon Pierce,HOU,RB,23.0,8.0,7.0,0.0,0.0,0.0,0.0,0.0,114.0,341.0,2.99,1.0,13.0,10.0,88.0,8.8,0.0,0.0,0.0,1.0,,,49.0,58.9,61.9,53.9,,50.0,,PierDa01
167,168.0,Kalif Raymond,DET,WR,29.0,11.0,3.0,0.0,0.0,0.0,0.0,0.0,5.0,58.0,11.6,0.0,34.0,26.0,372.0,14.31,1.0,0.0,0.0,1.0,,,49.0,75.0,78.0,62.0,,62.0,,RaymKa00
168,169.0,Tyjae Spears,TEN,RB,22.0,11.0,0.0,0.0,0.0,0.0,0.0,0.0,50.0,254.0,5.08,1.0,40.0,29.0,179.0,6.17,0.0,0.0,0.0,1.0,,,49.0,78.3,84.3,63.8,,49.0,,SpeaTy00
169,170.0,Hunter Henry,NWE,TE,29.0,11.0,8.0,0.0,0.0,0.0,0.0,0.0,0.0,0.0,,0.0,45.0,30.0,298.0,9.93,3.0,1.0,0.0,3.0,,,48.0,77.8,80.8,62.8,,19.0,,HenrHu00
170,171.0,Cooper Kupp,LAR,WR,30.0,7.0,7.0,0.0,0.0,0.0,0.0,0.0,0.0,0.0,,0.0,51.0,27.0,393.0,14.56,1.0,0.0,0.0,1.0,1.0,,47.0,74.3,77.3,60.8,,63.0,,KuppCo00
171,172.0,Nelson Agholor,BAL,WR,30.0,12.0,2.0,0.0,0.0,0.0,0.0,0.0,0.0,0.0,,0.0,28.0,20.0,282.0,14.1,3.0,1.0,0.0,3.0,,,46.0,66.2,69.2,56.2,,64.0,,AghoNe00
172,173.0,Keaton Mitchell,BAL,RB,21.0,6.0,1.0,0.0,0.0,0.0,0.0,0.0,29.0,269.0,9.28,2.0,7.0,6.0,70.0,11.67,0.0,0.0,0.0,2.0,,,46.0,51.9,54.9,48.9,,51.0,,MitcKe01
173,174.0,Nick Westbrook-Ikhine,TEN,WR,26.0,11.0,6.0,0.0,0.0,0.0,0.0,0.0,0.0,0.0,,0.0,36.0,24.0,281.0,11.71,3.0,0.0,0.0,3.0,,,46.0,70.1,73.1,58.1,,65.0,,WestNi00
174,175.0,Tyler Higbee,LAR,TE,30.0,11.0,11.0,0.0,0.0,0.0,0.0,0.0,0.0,0.0,,0.0,51.0,32.0,332.0,10.38,2.0,0.0,0.0,2.0,,,45.0,77.2,80.2,61.2,,20.0,,HigbTy00
175,176.0,Tee Higgins,CIN,WR,24.0,7.0,6.0,0.0,0.0,0.0,0.0,0.0,0.0,0.0,,0.0,51.0,27.0,328.0,12.15,2.0,0.0,0.0,2.0,,,45.0,71.8,74.8,58.3,,67.0,,HiggTe00
176,177.0,Diontae Johnson,PIT,WR,27.0,7.0,7.0,0.0,0.0,0.0,0.0,0.0,0.0,0.0,,0.0,55.0,30.0,385.0,12.83,1.0,0.0,0.0,1.0,,,45.0,74.5,77.5,59.5,,68.0,,JohnDi01
177,178.0,Elijah Moore,CLE,WR,23.0,11.0,7.0,0.0,0.0,0.0,0.0,0.0,9.0,11.0,1.22,0.0,73.0,43.0,418.0,9.72,1.0,2.0,2.0,1.0,,,45.0,87.9,92.9,66.4,,66.0,,MoorEl00
178,179.0,DJ Chark,CAR,WR,27.0,9.0,5.0,0.0,0.0,0.0,0.0,0.0,0.0,0.0,,0.0,38.0,20.0,263.0,13.15,3.0,0.0,0.0,3.0,,,44.0,64.3,67.3,54.3,,69.0,,CharDJ00
179,180.0,Miles Sanders,CAR,RB,26.0,10.0,5.0,0.0,0.0,0.0,0.0,0.0,97.0,302.0,3.11,1.0,33.0,21.0,120.0,5.71,0.0,2.0,2.0,1.0,,,44.0,65.2,73.2,54.7,,52.0,,SandMi01
180,181.0,Darren Waller,NYG,TE,31.0,8.0,8.0,0.0,0.0,0.0,0.0,0.0,0.0,0.0,,0.0,51.0,36.0,384.0,10.67,1.0,0.0,0.0,1.0,,,44.0,80.4,83.4,62.4,,21.0,,WallDa01
181,182.0,KaVontae Turpin,DAL,WR,27.0,10.0,0.0,0.0,0.0,0.0,0.0,0.0,8.0,79.0,9.88,1.0,13.0,10.0,113.0,11.3,3.0,1.0,0.0,4.0,,,43.0,53.2,56.2,48.2,,70.0,,TurpKa00
182,183.0,Justin Watson,KAN,WR,27.0,10.0,4.0,0.0,0.0,0.0,0.0,0.0,0.0,0.0,,0.0,39.0,20.0,332.0,16.6,2.0,1.0,1.0,2.0,,,43.0,63.2,67.2,53.2,,71.0,,WatsJu01
183,184.0,Demario Douglas,NWE,WR,23.0,10.0,4.0,0.0,0.0,0.0,0.0,0.0,4.0,29.0,7.25,0.0,55.0,36.0,410.0,11.39,0.0,3.0,1.0,0.0,,,42.0,77.9,81.9,59.9,,72.0,,DougDe00
184,185.0,Michael Gallup,DAL,WR,27.0,11.0,10.0,0.0,0.0,0.0,0.0,0.0,0.0,0.0,,0.0,46.0,28.0,357.0,12.75,1.0,0.0,0.0,1.0,,,42.0,69.7,72.7,55.7,,73.0,,GallMi00
185,186.0,Roschon Johnson,CHI,RB,22.0,10.0,0.0,0.0,0.0,0.0,0.0,0.0,54.0,232.0,4.3,1.0,28.0,24.0,131.0,5.46,0.0,1.0,0.0,1.0,,,42.0,66.3,72.3,54.3,,53.0,,JohnRo07
186,187.0,Darnell Mooney,CHI,WR,26.0,12.0,12.0,0.0,0.0,0.0,0.0,0.0,2.0,5.0,2.5,0.0,42.0,25.0,351.0,14.04,1.0,0.0,0.0,1.0,,,42.0,66.6,69.6,54.1,,75.0,,MoonDa00
187,188.0,Josh Palmer,LAC,WR,24.0,7.0,4.0,0.0,0.0,0.0,0.0,0.0,0.0,0.0,,0.0,39.0,23.0,377.0,16.39,1.0,1.0,1.0,1.0,,,42.0,64.7,68.7,53.2,,74.0,,PalmJo00
188,189.0,Donald Parham,LAC,TE,26.0,11.0,7.0,0.0,0.0,0.0,0.0,0.0,0.0,0.0,,0.0,29.0,19.0,179.0,9.42,4.0,0.0,0.0,4.0,,,42.0,60.9,63.9,51.4,,22.0,,ParhDo00
189,190.0,Zach Charbonnet,SEA,RB,22.0,10.0,1.0,0.0,0.0,0.0,0.0,0.0,67.0,308.0,4.6,0.0,27.0,23.0,103.0,4.48,0.0,0.0,0.0,0.0,,,41.0,64.1,70.1,52.6,,55.0,,CharZa00
190,191.0,Tyler Conklin,NYJ,TE,28.0,11.0,7.0,0.0,0.0,0.0,0.0,0.0,0.0,0.0,,0.0,50.0,39.0,414.0,10.62,0.0,0.0,0.0,0.0,,,41.0,80.4,83.4,60.9,,23.0,,ConkTy00
191,192.0,Royce Freeman,LAR,RB,27.0,8.0,0.0,0.0,0.0,0.0,0.0,0.0,63.0,292.0,4.63,2.0,1.0,0.0,0.0,,0.0,0.0,0.0,2.0,,,41.0,41.2,44.2,41.2,,54.0,,FreeRo00
192,193.0,Kenneth Gainwell,PHI,RB,24.0,10.0,1.0,0.0,0.0,0.0,0.0,0.0,57.0,202.0,3.54,2.0,22.0,18.0,88.0,4.89,0.0,2.0,1.0,2.0,1.0,,41.0,59.0,63.0,50.0,,56.0,,GainKe00
193,194.0,Tyrod Taylor,NYG,QB,34.0,7.0,3.0,57.0,87.0,579.0,2.0,0.0,22.0,98.0,4.45,0.0,0.0,0.0,0.0,,0.0,2.0,0.0,0.0,,,41.0,41.0,44.0,41.0,,39.0,,TaylTy00
194,195.0,Luke Musgrave,GNB,TE,23.0,10.0,9.0,0.0,0.0,0.0,0.0,0.0,0.0,0.0,,0.0,45.0,33.0,341.0,10.33,1.0,0.0,0.0,1.0,,,40.0,73.1,76.1,56.6,,24.0,,MusgLu00
195,196.0,Gerald Everett,LAC,TE,29.0,9.0,6.0,0.0,0.0,0.0,0.0,0.0,2.0,4.0,2.0,0.0,31.0,25.0,210.0,8.4,3.0,2.0,0.0,3.0,,,39.0,64.4,67.4,51.9,,25.0,,EverGe00
196,197.0,Marvin Mims,DEN,WR,21.0,11.0,3.0,0.0,0.0,0.0,0.0,0.0,6.0,10.0,1.67,0.0,21.0,15.0,282.0,18.8,1.0,1.0,1.0,2.0,,,39.0,54.2,58.2,46.7,,76.0,,MimsMa00
197,198.0,Robert Woods,HOU,WR,31.0,9.0,9.0,0.0,0.0,0.0,0.0,0.0,0.0,0.0,,0.0,57.0,30.0,326.0,10.87,1.0,0.0,0.0,1.0,,,39.0,68.6,71.6,53.6,,77.0,,WoodRo02
198,199.0,Dontayvion Wicks,GNB,WR,22.0,10.0,2.0,1.0,1.0,14.0,0.0,0.0,1.0,1.0,1.0,0.0,32.0,20.0,331.0,16.55,1.0,2.0,1.0,1.0,,,38.0,57.8,61.8,47.8,,78.0,,WickDo00
199,200.0,Taylor Heinicke,ATL,QB,30.0,3.0,2.0,41.0,74.0,498.0,3.0,1.0,9.0,68.0,7.56,0.0,0.0,0.0,0.0,,0.0,0.0,0.0,0.0,,,37.0,36.7,40.7,37.7,,40.0,,HeinTa00
200,201.0,Jerick McKinnon,KAN,RB,31.0,10.0,0.0,0.0,0.0,0.0,0.0,0.0,13.0,30.0,2.31,0.0,26.0,19.0,155.0,8.16,3.0,0.0,0.0,3.0,,,37.0,55.5,58.5,46.0,,57.0,,McKiJe00
201,202.0,Cam Akers,2TM,RB,24.0,7.0,1.0,0.0,0.0,0.0,0.0,0.0,60.0,167.0,2.78,2.0,12.0,11.0,70.0,6.36,0.0,0.0,0.0,2.0,,,36.0,46.7,49.7,41.2,,58.0,,AkerCa00
202,203.0,Jake Bobo,SEA,WR,25.0,11.0,0.0,0.0,0.0,0.0,0.0,0.0,1.0,3.0,3.0,1.0,18.0,14.0,162.0,11.57,2.0,0.0,0.0,3.0,,,35.0,48.5,51.5,41.5,,82.0,,BoboJa00
203,204.0,Allen Lazard,NYJ,WR,28.0,10.0,10.0,0.0,0.0,0.0,0.0,0.0,0.0,0.0,,0.0,41.0,20.0,290.0,14.5,1.0,0.0,0.0,1.0,,,35.0,55.0,58.0,45.0,,81.0,,LazaAl00
204,205.0,Trey Palmer,TAM,WR,22.0,11.0,3.0,0.0,0.0,0.0,0.0,0.0,1.0,6.0,6.0,0.0,43.0,25.0,227.0,9.08,2.0,1.0,0.0,2.0,,,35.0,60.3,63.3,47.8,,79.0,,PalmTr00
205,206.0,Wan'Dale Robinson,NYG,WR,22.0,10.0,4.0,0.0,0.0,0.0,0.0,0.0,6.0,27.0,4.5,0.0,45.0,36.0,265.0,7.36,1.0,0.0,0.0,1.0,,,35.0,71.2,74.2,53.2,,80.0,,RobiWa01
206,207.0,Darrell Henderson,LAR,RB,26.0,4.0,4.0,0.0,0.0,0.0,0.0,0.0,46.0,112.0,2.43,2.0,14.0,10.0,103.0,10.3,0.0,0.0,0.0,2.0,,,34.0,43.5,49.5,38.5,,59.0,,HendDa00
207,208.0,Emari Demercado,ARI,RB,24.0,9.0,2.0,0.0,0.0,0.0,0.0,0.0,52.0,210.0,4.04,1.0,16.0,12.0,64.0,5.33,0.0,0.0,0.0,1.0,,,33.0,45.4,48.4,39.4,,60.0,,DemeEm00
208,209.0,Jalin Hyatt,NYG,WR,22.0,12.0,3.0,0.0,0.0,0.0,0.0,0.0,0.0,0.0,,0.0,28.0,17.0,330.0,19.41,0.0,1.0,0.0,0.0,,,33.0,50.0,53.0,41.5,,83.0,,HyatJa00
209,210.0,Michael Mayer,LVR,TE,22.0,12.0,10.0,0.0,0.0,0.0,0.0,0.0,0.0,0.0,,0.0,33.0,22.0,251.0,11.41,1.0,0.0,0.0,1.0,1.0,,33.0,55.1,58.1,44.1,,26.0,,MayeMi00
210,211.0,Brandon Powell,MIN,WR,28.0,12.0,2.0,0.0,0.0,0.0,0.0,0.0,5.0,17.0,3.4,0.0,34.0,25.0,269.0,10.76,1.0,1.0,1.0,1.0,,,33.0,57.6,61.6,45.1,,84.0,,PoweBr00
211,212.0,Chris Moore,TEN,WR,30.0,11.0,3.0,0.0,0.0,0.0,0.0,0.0,2.0,39.0,19.5,0.0,20.0,12.0,280.0,23.33,0.0,1.0,0.0,0.0,,,32.0,43.9,46.9,37.9,,86.0,,MoorCh00
212,213.0,Skyy Moore,KAN,WR,23.0,11.0,6.0,0.0,0.0,0.0,0.0,0.0,3.0,23.0,7.67,0.0,35.0,20.0,239.0,11.95,1.0,0.0,0.0,1.0,,,32.0,52.2,55.2,42.2,,85.0,,MoorSk01
213,214.0,Rashod Bateman,BAL,WR,24.0,11.0,7.0,0.0,0.0,0.0,0.0,0.0,1.0,18.0,18.0,0.0,36.0,22.0,236.0,10.73,1.0,0.0,0.0,1.0,,,31.0,53.4,56.4,42.4,,87.0,,BateRa00
214,215.0,Ty Chandler,MIN,RB,25.0,12.0,0.0,0.0,0.0,0.0,0.0,0.0,37.0,168.0,4.54,1.0,12.0,10.0,83.0,8.3,0.0,0.0,0.0,1.0,,,31.0,41.1,44.1,36.1,,61.0,,ChanTy01
215,216.0,Noah Gray,KAN,TE,24.0,11.0,7.0,0.0,0.0,0.0,0.0,0.0,1.0,1.0,1.0,0.0,28.0,21.0,244.0,11.62,1.0,0.0,0.0,1.0,,,31.0,51.5,54.5,41.0,,27.0,,GrayNo00
216,217.0,Mike Williams,LAC,WR,29.0,3.0,3.0,0.0,0.0,0.0,0.0,0.0,1.0,3.0,3.0,0.0,26.0,19.0,249.0,13.11,1.0,0.0,0.0,1.0,,,31.0,50.2,53.2,40.7,,88.0,,WillMi07
217,218.0,Pat Freiermuth,PIT,TE,25.0,6.0,6.0,0.0,0.0,0.0,0.0,0.0,0.0,0.0,,0.0,25.0,18.0,180.0,10.0,2.0,0.0,0.0,2.0,,,30.0,48.0,51.0,39.0,,28.0,,FreiPa00
218,219.0,Brandon Johnson,DEN,WR,25.0,7.0,2.0,0.0,0.0,0.0,0.0,0.0,0.0,0.0,,0.0,13.0,8.0,122.0,15.25,3.0,0.0,0.0,3.0,,,30.0,38.2,41.2,34.2,,90.0,,JohnBr23
219,220.0,Jameson Williams,DET,WR,22.0,7.0,5.0,0.0,0.0,0.0,0.0,0.0,0.0,0.0,,0.0,23.0,12.0,184.0,15.33,2.0,0.0,0.0,2.0,,,30.0,42.4,45.4,36.4,,89.0,,WillJa11
220,221.0,Jonathan Mingo,CAR,WR,22.0,10.0,9.0,0.0,0.0,0.0,0.0,0.0,0.0,0.0,,0.0,57.0,28.0,286.0,10.21,0.0,0.0,0.0,0.0,,,29.0,56.6,59.6,42.6,,94.0,,MingJo00
221,222.0,Alec Pierce,IND,WR,23.0,11.0,11.0,0.0,0.0,0.0,0.0,0.0,0.0,0.0,,0.0,39.0,22.0,291.0,13.23,0.0,0.0,0.0,0.0,,,29.0,51.1,54.1,40.1,,91.0,,PierAl00
222,223.0,Marquez Valdes-Scantling,KAN,WR,29.0,11.0,9.0,0.0,0.0,0.0,0.0,0.0,0.0,0.0,,0.0,28.0,15.0,248.0,16.53,1.0,1.0,1.0,1.0,,,29.0,43.8,47.8,36.3,,93.0,,ValdMa00
223,224.0,Cedrick Wilson Jr.,MIA,WR,28.0,9.0,0.0,0.0,0.0,0.0,0.0,0.0,0.0,0.0,,0.0,19.0,12.0,171.0,14.25,2.0,0.0,0.0,2.0,,,29.0,41.1,44.1,35.1,,92.0,,WilsCe01
224,225.0,Trenton Irwin,CIN,WR,28.0,10.0,4.0,0.0,0.0,0.0,0.0,0.0,0.0,0.0,,0.0,23.0,17.0,216.0,12.71,1.0,2.0,0.0,1.0,,,28.0,44.6,47.6,36.1,,95.0,,IrwiTr00
225,226.0,Salvon Ahmed,MIA,RB,25.0,8.0,0.0,0.0,0.0,0.0,0.0,0.0,22.0,61.0,2.77,1.0,23.0,16.0,88.0,5.5,1.0,0.0,0.0,2.0,,,27.0,42.9,42.9,34.9,,62.0,,AhmeSa01
226,227.0,Braxton Berrios,MIA,WR,28.0,10.0,1.0,0.0,0.0,0.0,0.0,0.0,1.0,11.0,11.0,0.0,26.0,20.0,194.0,9.7,1.0,1.0,0.0,1.0,,,27.0,46.5,49.5,36.5,,96.0,,BerrBr00
227,228.0,Andrew Ogletree,IND,TE,25.0,8.0,6.0,0.0,0.0,0.0,0.0,0.0,0.0,0.0,,0.0,17.0,9.0,147.0,16.33,2.0,0.0,0.0,2.0,,,27.0,35.7,38.7,31.2,,29.0,,OgleAn00
228,229.0,Calvin Austin,PIT,WR,24.0,11.0,1.0,0.0,0.0,0.0,0.0,0.0,8.0,30.0,3.75,0.0,27.0,16.0,170.0,10.63,1.0,0.0,0.0,1.0,,,26.0,42.0,45.0,34.0,,97.0,,AustCa00
229,230.0,Matt Breida,NYG,RB,28.0,12.0,4.0,0.0,0.0,0.0,0.0,0.0,50.0,125.0,2.5,1.0,17.0,14.0,74.0,5.29,0.0,1.0,0.0,1.0,,,26.0,39.9,42.9,32.9,,63.0,,BreiMa00
230,231.0,Noah Fant,SEA,TE,26.0,11.0,11.0,0.0,0.0,0.0,0.0,0.0,0.0,0.0,,0.0,24.0,19.0,261.0,13.74,0.0,0.0,0.0,0.0,,,26.0,45.1,48.1,35.6,,31.0,,FantNo00
231,232.0,Chigoziem Okonkwo,TEN,TE,24.0,11.0,7.0,0.0,0.0,0.0,0.0,0.0,1.0,4.0,4.0,0.0,48.0,32.0,251.0,7.84,0.0,0.0,0.0,0.0,,,26.0,57.5,60.5,41.5,,32.0,,OkonCh00
232,233.0,Tommy Tremble,CAR,TE,23.0,11.0,3.0,0.0,0.0,0.0,0.0,0.0,0.0,0.0,,0.0,16.0,13.0,84.0,6.46,3.0,0.0,0.0,3.0,,,26.0,39.4,39.4,32.9,,30.0,,TremTo00
233,234.0,Zach Ertz,ARI,TE,33.0,7.0,7.0,0.0,0.0,0.0,0.0,0.0,0.0,0.0,,0.0,43.0,27.0,187.0,6.93,1.0,0.0,0.0,1.0,,,25.0,51.7,54.7,38.2,,33.0,,ErtzZa00
234,235.0,Isaiah Hodgins,NYG,WR,25.0,12.0,8.0,0.0,0.0,0.0,0.0,0.0,0.0,0.0,,0.0,25.0,15.0,154.0,10.27,2.0,1.0,1.0,2.0,,,25.0,40.4,44.4,32.9,,98.0,,HodgIs00
235,236.0,Mack Hollins,ATL,WR,30.0,9.0,3.0,0.0,0.0,0.0,0.0,0.0,0.0,0.0,,0.0,29.0,17.0,247.0,14.53,0.0,0.0,0.0,0.0,,,25.0,41.7,44.7,33.2,,100.0,,HollMa00
236,237.0,Quentin Johnston,LAC,WR,22.0,11.0,5.0,0.0,0.0,0.0,0.0,0.0,1.0,2.0,2.0,0.0,37.0,21.0,190.0,9.05,1.0,0.0,0.0,1.0,,,25.0,46.2,49.2,35.7,,99.0,,JohnQu02
237,238.0,Tony Jones,2TM,RB,26.0,7.0,1.0,0.0,0.0,0.0,0.0,0.0,26.0,95.0,3.65,2.0,10.0,7.0,37.0,5.29,0.0,0.0,0.0,2.0,,,25.0,32.2,32.2,28.7,,64.0,,JoneTo04
238,239.0,Jordan Mason,SFO,RB,24.0,11.0,0.0,0.0,0.0,0.0,0.0,0.0,21.0,117.0,5.57,2.0,2.0,1.0,13.0,13.0,0.0,0.0,0.0,2.0,,,25.0,26.0,29.0,25.5,,66.0,,MasoJo00
239,240.0,Craig Reynolds,DET,RB,27.0,11.0,0.0,0.0,0.0,0.0,0.0,0.0,41.0,179.0,4.37,1.0,5.0,5.0,47.0,9.4,0.0,2.0,2.0,1.0,,,25.0,29.6,34.6,27.1,,67.0,,ReynCr00
240,241.0,Pierre Strong,CLE,RB,25.0,11.0,0.0,0.0,0.0,0.0,0.0,0.0,35.0,153.0,4.37,1.0,4.0,3.0,38.0,12.67,0.0,0.0,0.0,1.0,,,25.0,28.1,31.1,26.6,,65.0,,StroPi00
241,242.0,Adam Trautman,DEN,TE,26.0,11.0,8.0,0.0,0.0,0.0,0.0,0.0,0.0,0.0,,0.0,23.0,16.0,125.0,7.81,2.0,0.0,0.0,2.0,,,25.0,40.5,43.5,32.5,,34.0,,TrauAd00
242,243.0,Andy Dalton,CAR,QB,36.0,3.0,1.0,34.0,58.0,361.0,2.0,0.0,3.0,12.0,4.0,0.0,0.0,0.0,0.0,,0.0,0.0,0.0,0.0,,,24.0,23.6,26.6,23.6,,41.0,,DaltAn00
243,244.0,Mike Gesicki,NWE,TE,28.0,11.0,6.0,0.0,0.0,0.0,0.0,0.0,0.0,0.0,,0.0,32.0,21.0,182.0,8.67,1.0,0.0,0.0,1.0,,,24.0,45.2,48.2,34.7,,36.0,,GesiMi00
244,245.0,Kylen Granson,IND,TE,25.0,9.0,3.0,0.0,0.0,0.0,0.0,0.0,0.0,0.0,,0.0,31.0,17.0,175.0,10.29,1.0,0.0,0.0,1.0,,,24.0,40.5,43.5,32.0,,37.0,,GranKy00
245,246.0,Hayden Hurst,CAR,TE,30.0,9.0,8.0,0.0,0.0,0.0,0.0,0.0,0.0,0.0,,0.0,32.0,18.0,184.0,10.22,1.0,0.0,0.0,1.0,,,24.0,42.4,45.4,33.4,,35.0,,HursHa00
246,247.0,Olamide Zaccheaus,PHI,WR,26.0,11.0,1.0,0.0,0.0,0.0,0.0,0.0,0.0,0.0,,0.0,14.0,7.0,116.0,16.57,2.0,0.0,0.0,2.0,,,24.0,30.6,33.6,27.1,,101.0,,ZaccOl01
247,248.0,Dyami Brown,WAS,WR,24.0,12.0,1.0,0.0,0.0,0.0,0.0,0.0,1.0,0.0,0.0,0.0,21.0,11.0,168.0,15.27,1.0,0.0,0.0,1.0,,,23.0,33.8,36.8,28.3,,102.0,,BrowDy00
248,249.0,Jake Browning,CIN,QB,27.0,3.0,1.0,27.0,41.0,295.0,2.0,1.0,8.0,48.0,6.0,0.0,0.0,0.0,0.0,,0.0,1.0,0.0,0.0,,,23.0,22.6,23.6,23.6,,42.0,,BrowJa08
249,250.0,Pharaoh Brown,NWE,TE,29.0,11.0,6.0,0.0,0.0,0.0,0.0,0.0,0.0,0.0,,0.0,7.0,7.0,170.0,24.29,1.0,0.0,0.0,1.0,,,23.0,30.0,33.0,26.5,,38.0,,BrowPh01
250,251.0,Clyde Edwards-Helaire,KAN,RB,24.0,10.0,1.0,0.0,0.0,0.0,0.0,0.0,38.0,134.0,3.53,1.0,7.0,6.0,36.0,6.0,0.0,0.0,0.0,1.0,,,23.0,29.0,32.0,26.0,,68.0,,EdwaCl00
251,252.0,Darrynton Evans,2TM,RB,25.0,6.0,0.0,0.0,0.0,0.0,0.0,0.0,32.0,121.0,3.78,1.0,12.0,7.0,49.0,7.0,0.0,0.0,0.0,1.0,,,23.0,30.0,33.0,26.5,,69.0,,EvanDa02
252,253.0,Zay Jones,JAX,WR,28.0,5.0,3.0,0.0,0.0,0.0,0.0,0.0,0.0,0.0,,0.0,25.0,13.0,108.0,8.31,2.0,0.0,0.0,2.0,,,23.0,35.8,38.8,29.3,,103.0,,JoneZa00
253,254.0,Josh Oliver,MIN,TE,26.0,12.0,9.0,0.0,0.0,0.0,0.0,0.0,0.0,0.0,,0.0,18.0,16.0,118.0,7.38,2.0,1.0,1.0,2.0,,,22.0,37.8,41.8,29.8,,39.0,,OlivJo00
254,255.0,JuJu Smith-Schuster,NWE,WR,27.0,9.0,5.0,0.0,0.0,0.0,0.0,0.0,0.0,0.0,,0.0,38.0,24.0,159.0,6.63,1.0,0.0,0.0,1.0,,,22.0,45.9,48.9,33.9,,106.0,,SmitJu00
255,256.0,Jalen Tolbert,DAL,WR,24.0,11.0,4.0,0.0,0.0,0.0,0.0,0.0,0.0,0.0,,0.0,28.0,16.0,183.0,11.44,1.0,1.0,1.0,1.0,,,22.0,38.3,42.3,30.3,,105.0,,TolbJa00
256,257.0,Tre Tucker,LVR,WR,22.0,11.0,0.0,0.0,0.0,0.0,0.0,0.0,7.0,63.0,9.0,0.0,18.0,8.0,161.0,20.13,0.0,0.0,0.0,0.0,,,22.0,30.4,33.4,26.4,,104.0,,TuckTr00
257,258.0,Dalvin Cook,NYJ,RB,28.0,11.0,0.0,0.0,0.0,0.0,0.0,0.0,50.0,162.0,3.24,0.0,16.0,12.0,66.0,5.5,0.0,1.0,1.0,0.0,,,21.0,32.8,36.8,26.8,,70.0,,CookDa01
258,259.0,Jamison Crowder,WAS,WR,30.0,12.0,0.0,0.0,0.0,0.0,0.0,0.0,0.0,0.0,,0.0,18.0,15.0,151.0,10.07,1.0,1.0,0.0,1.0,,,21.0,36.1,39.1,28.6,,107.0,,CrowJa00
259,260.0,D'Ernest Johnson,JAX,RB,27.0,11.0,0.0,0.0,0.0,0.0,0.0,0.0,26.0,86.0,3.31,0.0,8.0,7.0,119.0,17.0,0.0,0.0,0.0,0.0,,,21.0,27.5,30.5,24.0,,71.0,,JohnDE04
260,261.0,Hunter Renfrow,LVR,WR,28.0,12.0,3.0,0.0,0.0,0.0,0.0,0.0,0.0,0.0,,0.0,29.0,22.0,209.0,9.5,0.0,0.0,0.0,0.0,,,21.0,42.9,45.9,31.9,,108.0,,RenfHu00
261,262.0,Kadarius Toney,KAN,WR,24.0,10.0,2.0,0.0,1.0,0.0,0.0,0.0,8.0,9.0,1.13,0.0,30.0,22.0,139.0,6.32,1.0,1.0,0.0,1.0,,,21.0,42.8,45.8,31.8,,109.0,,ToneKa00
262,263.0,KhaDarel Hodge,ATL,WR,28.0,11.0,2.0,0.0,0.0,0.0,0.0,0.0,1.0,0.0,0.0,0.0,15.0,11.0,199.0,18.09,0.0,1.0,0.0,0.0,,,20.0,30.9,33.9,25.4,,112.0,,HodgKh00
263,264.0,Jauan Jennings,SFO,WR,26.0,10.0,2.0,0.0,0.0,0.0,0.0,0.0,0.0,0.0,,0.0,26.0,14.0,196.0,14.0,0.0,0.0,0.0,0.0,,,20.0,33.6,36.6,26.6,,113.0,,JennJa00
264,265.0,Juwan Johnson,NOR,TE,27.0,7.0,7.0,0.0,0.0,0.0,0.0,0.0,0.0,0.0,,0.0,29.0,18.0,142.0,7.89,1.0,0.0,0.0,1.0,,,20.0,38.2,41.2,29.2,,40.0,,JohnJu02
265,266.0,Scott Miller,ATL,WR,26.0,11.0,0.0,0.0,0.0,0.0,0.0,0.0,0.0,0.0,,0.0,10.0,8.0,80.0,10.0,2.0,0.0,0.0,2.0,,,20.0,28.0,28.0,24.0,,110.0,,MillSc01
266,267.0,DeVante Parker,NWE,WR,30.0,8.0,8.0,0.0,0.0,0.0,0.0,0.0,0.0,0.0,,0.0,30.0,18.0,200.0,11.11,0.0,0.0,0.0,0.0,,,20.0,38.0,41.0,29.0,,111.0,,ParkDe01
267,268.0,Drew Sample,CIN,TE,27.0,11.0,5.0,0.0,0.0,0.0,0.0,0.0,0.0,0.0,,0.0,14.0,11.0,82.0,7.45,2.0,0.0,0.0,2.0,,,20.0,31.2,31.2,25.7,,41.0,,SampDr00
268,269.0,Dorian Thompson-Robinson,CLE,QB,24.0,5.0,3.0,58.0,109.0,429.0,1.0,4.0,12.0,65.0,5.42,0.0,0.0,0.0,0.0,,0.0,2.0,0.0,0.0,,,20.0,19.7,26.7,23.7,,44.0,,ThomDo02
269,270.0,P.J. Walker,CLE,QB,28.0,6.0,2.0,54.0,111.0,674.0,1.0,5.0,13.0,30.0,2.31,0.0,0.0,0.0,0.0,,0.0,4.0,2.0,0.0,,,20.0,20.0,30.0,25.0,,43.0,,WalkPh00
270,271.0,Nick Chubb,CLE,RB,28.0,2.0,2.0,0.0,0.0,0.0,0.0,0.0,28.0,170.0,6.07,0.0,4.0,4.0,21.0,5.25,0.0,0.0,0.0,0.0,,,19.0,23.1,26.1,21.1,,73.0,,ChubNi00
271,272.0,Tanner Hudson,CIN,TE,29.0,6.0,1.0,0.0,0.0,0.0,0.0,0.0,0.0,0.0,,0.0,27.0,22.0,193.0,8.77,0.0,0.0,0.0,0.0,,,19.0,41.3,44.3,30.3,,42.0,,HudsTa00
272,273.0,Kyle Juszczyk,SFO,RB,32.0,11.0,10.0,0.0,0.0,0.0,0.0,0.0,5.0,6.0,1.2,0.0,10.0,8.0,65.0,8.13,2.0,0.0,0.0,2.0,,,19.0,27.1,27.1,23.1,,74.0,,JuszKy00
273,274.0,Kendre Miller,NOR,RB,21.0,7.0,0.0,0.0,0.0,0.0,0.0,0.0,28.0,83.0,2.96,0.0,10.0,9.0,111.0,12.33,0.0,0.0,0.0,0.0,,,19.0,28.4,31.4,23.9,,72.0,,MillKe01
274,275.0,Allen Robinson,PIT,WR,30.0,11.0,11.0,0.0,0.0,0.0,0.0,0.0,0.0,0.0,,0.0,35.0,23.0,185.0,8.04,0.0,0.0,0.0,0.0,,,19.0,41.5,44.5,30.0,,114.0,,RobiAl02
275,276.0,Derius Davis,LAC,WR,23.0,11.0,0.0,0.0,0.0,0.0,0.0,0.0,9.0,74.0,8.22,0.0,13.0,12.0,44.0,3.67,0.0,2.0,0.0,1.0,,,18.0,29.8,29.8,23.8,,115.0,,DaviDe02
276,277.0,Dawson Knox,BUF,TE,27.0,7.0,7.0,0.0,0.0,0.0,0.0,0.0,0.0,0.0,,0.0,28.0,15.0,102.0,6.8,1.0,0.0,0.0,1.0,1.0,,18.0,33.2,36.2,25.7,,43.0,,KnoxDa00
277,278.0,Foster Moreau,NOR,TE,26.0,9.0,5.0,0.0,0.0,0.0,0.0,0.0,0.0,0.0,,0.0,12.0,11.0,115.0,10.45,1.0,0.0,0.0,1.0,,,18.0,28.5,31.5,23.0,,45.0,,MoreFo00
278,279.0,Durham Smythe,MIA,TE,28.0,10.0,9.0,0.0,0.0,0.0,0.0,0.0,0.0,0.0,,0.0,25.0,18.0,178.0,9.89,0.0,0.0,0.0,0.0,,,18.0,35.8,38.8,26.8,,44.0,,SmytDu00
279,280.0,Robbie Chosen,MIA,WR,30.0,5.0,0.0,0.0,0.0,0.0,0.0,0.0,0.0,0.0,,0.0,4.0,3.0,107.0,35.67,1.0,0.0,0.0,1.0,,,17.0,19.7,22.7,18.2,,119.0,,AndeRo04
280,281.0,Tank Bigsby,JAX,RB,22.0,11.0,0.0,0.0,0.0,0.0,0.0,0.0,36.0,86.0,2.39,2.0,4.0,1.0,6.0,6.0,0.0,2.0,2.0,2.0,,,17.0,18.2,20.2,17.7,,75.0,,BigsTa00
281,282.0,Greg Dortch,ARI,WR,25.0,11.0,1.0,0.0,0.0,0.0,0.0,0.0,0.0,0.0,,0.0,19.0,10.0,105.0,10.5,1.0,0.0,0.0,1.0,,,17.0,26.5,29.5,21.5,,120.0,,DortGr01
282,283.0,Damien Harris,BUF,RB,26.0,6.0,0.0,0.0,0.0,0.0,0.0,0.0,23.0,94.0,4.09,1.0,2.0,2.0,16.0,8.0,0.0,0.0,0.0,1.0,,,17.0,19.0,19.0,18.0,,76.0,,HarrDa06
283,284.0,Deonte Harty,BUF,WR,26.0,11.0,1.0,0.0,0.0,0.0,0.0,0.0,4.0,0.0,0.0,0.0,19.0,13.0,113.0,8.69,1.0,1.0,0.0,1.0,,,17.0,30.3,33.3,23.8,,116.0,,HarrDe07
284,285.0,Van Jefferson,2TM,WR,27.0,11.0,7.0,0.0,0.0,0.0,0.0,0.0,1.0,4.0,4.0,0.0,31.0,14.0,164.0,11.71,0.0,0.0,0.0,0.0,,,17.0,30.8,33.8,23.8,,117.0,,JeffVa00
285,286.0,Luke Schoonmaker,DAL,TE,25.0,11.0,0.0,0.0,0.0,0.0,0.0,0.0,0.0,0.0,,0.0,13.0,6.0,49.0,8.17,2.0,0.0,0.0,2.0,,,17.0,22.9,22.9,19.9,,46.0,,SchoLu00
286,287.0,Deven Thompkins,TAM,WR,24.0,11.0,1.0,0.0,0.0,0.0,0.0,0.0,5.0,50.0,10.0,0.0,21.0,14.0,78.0,5.57,1.0,3.0,1.0,1.0,,,17.0,30.8,31.8,23.8,,118.0,,ThomDe07
287,288.0,Jamaal Williams,NOR,RB,28.0,7.0,2.0,0.0,0.0,0.0,0.0,0.0,47.0,137.0,2.91,0.0,9.0,8.0,28.0,3.5,0.0,1.0,0.0,0.0,,,17.0,24.5,27.5,20.5,,77.0,,WillJa06
288,289.0,Mo Alie-Cox,IND,TE,30.0,11.0,4.0,0.0,0.0,0.0,0.0,0.0,0.0,0.0,,0.0,10.0,6.0,102.0,17.0,1.0,0.0,0.0,1.0,,,16.0,22.2,25.2,19.2,,47.0,,AlieMo00
289,290.0,Andrei Iosivas,CIN,WR,24.0,10.0,0.0,0.0,0.0,0.0,0.0,0.0,0.0,0.0,,0.0,8.0,5.0,39.0,7.8,2.0,0.0,0.0,2.0,,,16.0,20.9,20.9,18.4,,121.0,,IosiAn00
290,291.0,Daniel Bellinger,NYG,TE,23.0,12.0,10.0,0.0,0.0,0.0,0.0,0.0,0.0,0.0,,0.0,15.0,13.0,145.0,11.15,0.0,0.0,0.0,0.0,,,15.0,27.5,30.5,21.0,,51.0,,BellDa00
291,292.0,River Cracraft,MIA,WR,29.0,5.0,1.0,0.0,0.0,0.0,0.0,0.0,0.0,0.0,,0.0,8.0,6.0,87.0,14.5,1.0,0.0,0.0,1.0,,,15.0,20.7,20.7,17.7,,122.0,,CracRi00
292,293.0,Connor Heyward,PIT,TE,24.0,11.0,3.0,0.0,0.0,0.0,0.0,0.0,1.0,0.0,0.0,0.0,28.0,19.0,148.0,7.79,0.0,0.0,0.0,0.0,,,15.0,33.8,36.8,24.3,,50.0,,HeywCo00
293,294.0,Austin Hooper,LVR,TE,29.0,12.0,5.0,0.0,0.0,0.0,0.0,0.0,0.0,0.0,,0.0,18.0,15.0,149.0,9.93,0.0,0.0,0.0,0.0,,,15.0,29.9,32.9,22.4,,49.0,,HoopAu00
294,295.0,Colby Parkinson,SEA,TE,24.0,11.0,1.0,0.0,0.0,0.0,0.0,0.0,0.0,0.0,,0.0,20.0,14.0,150.0,10.71,0.0,0.0,0.0,0.0,,,15.0,29.0,32.0,22.0,,48.0,,ParkCo02
295,296.0,Kyle Philips,TEN,WR,24.0,7.0,0.0,0.0,0.0,0.0,0.0,0.0,0.0,0.0,,0.0,19.0,13.0,166.0,12.77,0.0,1.0,1.0,0.0,,,15.0,27.6,31.6,21.1,,123.0,,PhilKy01
296,297.0,Jeff Wilson,MIA,RB,28.0,4.0,0.0,0.0,0.0,0.0,0.0,0.0,18.0,85.0,4.72,0.0,10.0,9.0,67.0,7.44,0.0,0.0,0.0,0.0,,,15.0,24.2,24.2,19.7,,78.0,,WilsJe01
297,298.0,Treylon Burks,TEN,WR,23.0,5.0,5.0,0.0,0.0,0.0,0.0,0.0,2.0,14.0,7.0,0.0,18.0,8.0,122.0,15.25,0.0,0.0,0.0,0.0,,,14.0,21.6,24.6,17.6,,124.0,,BurkTr00
298,299.0,Michael Carter,2TM,RB,24.0,10.0,0.0,0.0,0.0,0.0,0.0,0.0,12.0,57.0,4.75,0.0,24.0,19.0,83.0,4.37,0.0,0.0,0.0,0.0,,,14.0,33.0,33.0,23.5,,80.0,,CartMi03
299,300.0,Xavier Gipson,NYJ,WR,22.0,11.0,1.0,0.0,0.0,0.0,0.0,0.0,4.0,34.0,8.5,0.0,11.0,7.0,82.0,11.71,0.0,4.0,2.0,1.0,,,14.0,20.6,22.6,17.1,,125.0,,GipsXa00
300,301.0,Ty Johnson,BUF,RB,26.0,6.0,0.0,0.0,0.0,0.0,0.0,0.0,10.0,32.0,3.2,0.0,3.0,3.0,47.0,15.67,1.0,0.0,0.0,1.0,,,14.0,16.9,16.9,15.4,,81.0,,JohnTy02
301,302.0,Ray-Ray McCloud,SFO,WR,27.0,11.0,1.0,0.0,0.0,0.0,0.0,0.0,2.0,23.0,11.5,0.0,11.0,9.0,113.0,12.56,0.0,1.0,0.0,0.0,,,14.0,22.6,25.6,18.1,,126.0,,McClRa00
302,303.0,Elijah Mitchell,SFO,RB,25.0,8.0,0.0,0.0,0.0,0.0,0.0,0.0,41.0,136.0,3.32,0.0,6.0,4.0,-1.0,-0.25,0.0,0.0,0.0,0.0,,,14.0,17.5,20.5,15.5,,82.0,,MitcEl00
303,304.0,Cordarrelle Patterson,ATL,RB,32.0,8.0,0.0,0.0,0.0,0.0,0.0,0.0,25.0,119.0,4.76,0.0,5.0,5.0,23.0,4.6,0.0,0.0,0.0,0.0,,,14.0,19.2,22.2,16.7,,79.0,,PattCo00
304,305.0,Byron Pringle,WAS,WR,30.0,12.0,1.0,0.0,0.0,0.0,0.0,0.0,0.0,0.0,,0.0,18.0,13.0,156.0,12.0,0.0,1.0,1.0,0.0,,,14.0,26.6,30.6,20.1,,127.0,,PrinBy00
305,306.0,Stone Smartt,LAC,TE,25.0,11.0,3.0,0.0,0.0,0.0,0.0,0.0,0.0,0.0,,0.0,11.0,3.0,80.0,26.67,1.0,0.0,0.0,1.0,,,14.0,17.0,17.0,15.5,,52.0,,SmarSt00
306,307.0,Irv Smith Jr.,CIN,TE,25.0,9.0,5.0,0.0,0.0,0.0,0.0,0.0,0.0,0.0,,0.0,23.0,16.0,97.0,6.06,1.0,1.0,1.0,1.0,,,14.0,29.7,30.7,21.7,,54.0,,SmitIr01
307,308.0,Josh Whyle,TEN,TE,24.0,10.0,3.0,0.0,0.0,0.0,0.0,0.0,0.0,0.0,,0.0,13.0,8.0,78.0,9.75,1.0,0.0,0.0,1.0,,,14.0,21.8,21.8,17.8,,53.0,,WhylJo01
308,309.0,Brock Wright,DET,TE,25.0,11.0,3.0,0.0,0.0,0.0,0.0,0.0,0.0,0.0,,0.0,11.0,10.0,77.0,7.7,1.0,0.0,0.0,1.0,,,14.0,23.7,23.7,18.7,,55.0,,WrigBr01
309,310.0,John Bates,WAS,TE,26.0,12.0,3.0,0.0,0.0,0.0,0.0,0.0,0.0,0.0,,0.0,19.0,15.0,131.0,8.73,0.0,0.0,0.0,0.0,,,13.0,28.1,31.1,20.6,,56.0,,BateJo00
310,311.0,Chase Claypool,2TM,WR,25.0,6.0,2.0,0.0,0.0,0.0,0.0,0.0,0.0,0.0,,0.0,16.0,5.0,66.0,13.2,1.0,0.0,0.0,1.0,,,13.0,17.6,17.6,15.1,,130.0,,ClayCh01
311,312.0,Isaiah Likely,BAL,TE,23.0,12.0,6.0,0.0,0.0,0.0,0.0,0.0,0.0,0.0,,0.0,18.0,13.0,129.0,9.92,0.0,0.0,0.0,0.0,,,13.0,25.9,28.9,19.4,,57.0,,LikeIs00
312,313.0,Terrace Marshall Jr.,CAR,WR,23.0,8.0,3.0,0.0,0.0,0.0,0.0,0.0,0.0,0.0,,0.0,32.0,18.0,134.0,7.44,0.0,1.0,0.0,0.0,,,13.0,31.4,34.4,22.4,,128.0,,MarsTe00
313,314.0,John Metchie,HOU,WR,23.0,10.0,0.0,0.0,0.0,0.0,0.0,0.0,0.0,0.0,,0.0,13.0,11.0,129.0,11.73,0.0,0.0,0.0,0.0,,,13.0,23.9,26.9,18.4,,129.0,,MetcJo00
314,315.0,Ameer Abdullah,LVR,RB,30.0,12.0,0.0,0.0,0.0,0.0,0.0,0.0,5.0,30.0,6.0,0.0,17.0,12.0,85.0,7.08,0.0,0.0,0.0,0.0,,,12.0,23.5,23.5,17.5,,84.0,,AbduAm00
315,316.0,Andrew Beck,HOU,RB,27.0,10.0,9.0,0.0,0.0,0.0,0.0,0.0,5.0,3.0,0.6,1.0,5.0,4.0,14.0,3.5,0.0,1.0,1.0,2.0,,,12.0,15.7,16.7,13.7,,83.0,,BeckAn01
316,317.0,Harrison Bryant,CLE,TE,25.0,11.0,5.0,0.0,0.0,0.0,0.0,0.0,5.0,8.0,1.6,0.0,10.0,5.0,12.0,2.4,2.0,1.0,1.0,2.0,,,12.0,17.0,18.0,14.5,,58.0,,BryaHa00
317,318.0,Brevin Jordan,HOU,TE,23.0,8.0,0.0,0.0,0.0,0.0,0.0,0.0,0.0,0.0,,0.0,7.0,6.0,60.0,10.0,1.0,0.0,0.0,1.0,,,12.0,18.0,18.0,15.0,,59.0,,JordBr00
318,319.0,Tucker Kraft,GNB,TE,23.0,11.0,2.0,0.0,0.0,0.0,0.0,0.0,0.0,0.0,,0.0,9.0,7.0,58.0,8.29,1.0,0.0,0.0,1.0,,,12.0,18.8,18.8,15.3,,60.0,,KrafTu00
319,320.0,Laviska Shenault Jr.,CAR,WR,25.0,8.0,0.0,0.0,0.0,0.0,0.0,0.0,12.0,55.0,4.58,0.0,10.0,10.0,60.0,6.0,0.0,1.0,0.0,0.0,,,12.0,21.5,21.5,16.5,,131.0,,ShenLa00
320,321.0,Cole Turner,WAS,TE,23.0,10.0,1.0,0.0,0.0,0.0,0.0,0.0,0.0,0.0,,0.0,14.0,10.0,118.0,11.8,0.0,0.0,0.0,0.0,,,12.0,21.8,24.8,16.8,,61.0,,TurnCo00
321,322.0,C.J. Uzomah,NYJ,TE,30.0,11.0,7.0,0.0,0.0,0.0,0.0,0.0,0.0,0.0,,0.0,12.0,8.0,58.0,7.25,1.0,0.0,0.0,1.0,,,12.0,19.8,19.8,15.8,,62.0,,UzomC.00
322,323.0,Ronnie Bell,SFO,WR,23.0,11.0,0.0,0.0,0.0,0.0,0.0,0.0,0.0,0.0,,0.0,5.0,4.0,51.0,12.75,1.0,0.0,0.0,1.0,,,11.0,15.1,15.1,13.1,,133.0,,BellRo01
323,324.0,Will Dissly,SEA,TE,27.0,10.0,9.0,0.0,0.0,0.0,0.0,0.0,0.0,0.0,,0.0,13.0,10.0,108.0,10.8,0.0,0.0,0.0,0.0,,,11.0,20.8,23.8,15.8,,64.0,,DissWi00
324,325.0,Luke Farrell,JAX,TE,26.0,11.0,5.0,0.0,0.0,0.0,0.0,0.0,0.0,0.0,,0.0,12.0,10.0,111.0,11.1,0.0,0.0,0.0,0.0,,,11.0,21.1,24.1,16.1,,63.0,,FarrLu00
325,326.0,Jalen Guyton,LAC,WR,26.0,3.0,2.0,0.0,0.0,0.0,0.0,0.0,0.0,0.0,,0.0,13.0,5.0,45.0,9.0,1.0,0.0,0.0,1.0,,,11.0,15.5,15.5,13.0,,134.0,,GuytJa01
326,327.0,Lil'Jordan Humphrey,DEN,WR,25.0,11.0,5.0,0.0,0.0,0.0,0.0,0.0,0.0,0.0,,0.0,8.0,6.0,53.0,8.83,1.0,0.0,0.0,1.0,,,11.0,17.3,17.3,14.3,,132.0,,HumpLi01
327,328.0,A.T. Perry,NOR,WR,24.0,4.0,0.0,0.0,0.0,0.0,0.0,0.0,0.0,0.0,,0.0,6.0,3.0,45.0,15.0,1.0,0.0,0.0,1.0,,,11.0,13.5,13.5,12.0,,135.0,,PerrAT00
328,329.0,Chris Rodriguez,WAS,RB,23.0,10.0,0.0,0.0,0.0,0.0,0.0,0.0,24.0,125.0,5.21,0.0,1.0,1.0,5.0,5.0,0.0,1.0,1.0,0.0,,,11.0,12.0,16.0,11.5,,85.0,,RodrCh00
329,330.0,Tyler Scott,CHI,WR,22.0,12.0,2.0,0.0,0.0,0.0,0.0,0.0,6.0,44.0,7.33,0.0,20.0,10.0,81.0,8.1,0.0,1.0,1.0,0.0,,,11.0,20.5,21.5,15.5,,136.0,,ScotTy00
330,331.0,Emanuel Wilson,GNB,RB,24.0,7.0,0.0,0.0,0.0,0.0,0.0,0.0,14.0,85.0,6.07,0.0,5.0,4.0,23.0,5.75,0.0,1.0,0.0,0.0,,,11.0,14.8,14.8,12.8,,86.0,,WilsEm00
331,332.0,Jameis Winston,NOR,QB,29.0,4.0,0.0,23.0,42.0,223.0,2.0,3.0,3.0,-4.0,-1.33,0.0,0.0,0.0,0.0,,0.0,0.0,0.0,0.0,,,11.0,10.5,13.5,13.5,,45.0,,WinsJa00
332,333.0,Parris Campbell,NYG,WR,26.0,12.0,3.0,0.0,0.0,0.0,0.0,0.0,0.0,0.0,,0.0,27.0,20.0,104.0,5.2,0.0,0.0,0.0,0.0,,,10.0,30.4,33.4,20.4,,137.0,,CampPa00
333,334.0,J.K. Dobbins,BAL,RB,25.0,1.0,1.0,0.0,0.0,0.0,0.0,0.0,8.0,22.0,2.75,1.0,3.0,2.0,15.0,7.5,0.0,0.0,0.0,1.0,,,10.0,11.7,11.7,10.7,,89.0,,DobbJK00
334,335.0,Melvin Gordon,BAL,RB,30.0,2.0,0.0,0.0,0.0,0.0,0.0,0.0,13.0,53.0,4.08,0.0,3.0,3.0,46.0,15.33,0.0,0.0,0.0,0.0,,,10.0,12.9,12.9,11.4,,88.0,,GordMe00
335,336.0,Keaontay Ingram,ARI,RB,24.0,8.0,1.0,0.0,0.0,0.0,0.0,0.0,35.0,74.0,2.11,0.0,4.0,4.0,26.0,6.5,0.0,0.0,0.0,0.0,,,10.0,14.0,14.0,12.0,,87.0,,IngrKe01
336,337.0,Donovan Peoples-Jones,2TM,WR,24.0,9.0,5.0,0.0,0.0,0.0,0.0,0.0,0.0,0.0,,0.0,19.0,8.0,97.0,12.13,0.0,1.0,0.0,0.0,,,10.0,17.7,17.7,13.7,,139.0,,PeopDo00
337,338.0,Ben Skowronek,LAR,WR,26.0,11.0,0.0,0.0,0.0,0.0,0.0,0.0,2.0,9.0,4.5,0.0,7.0,4.0,32.0,8.0,1.0,0.0,0.0,1.0,,,10.0,14.1,14.1,12.1,,138.0,,SkowBe00
338,339.0,Chris Brooks,MIA,RB,23.0,6.0,0.0,0.0,0.0,0.0,0.0,0.0,15.0,94.0,6.27,0.0,0.0,0.0,0.0,,0.0,0.0,0.0,0.0,,,9.0,9.4,9.4,9.4,,90.0,,BrooCh00
339,340.0,Lawrence Cager,NYG,TE,26.0,9.0,0.0,0.0,0.0,0.0,0.0,0.0,0.0,0.0,,0.0,4.0,3.0,27.0,9.0,1.0,0.0,0.0,1.0,,,9.0,11.7,11.7,10.2,,67.0,,CageLa01
340,341.0,Xavier Hutchinson,HOU,WR,23.0,11.0,0.0,0.0,0.0,0.0,0.0,0.0,4.0,44.0,11.0,0.0,4.0,2.0,43.0,21.5,0.0,0.0,0.0,0.0,,,9.0,10.7,10.7,9.7,,140.0,,HutcXa00
341,342.0,Will Mallory,IND,TE,24.0,6.0,1.0,0.0,0.0,0.0,0.0,0.0,0.0,0.0,,0.0,11.0,6.0,91.0,15.17,0.0,0.0,0.0,0.0,,,9.0,15.1,15.1,12.1,,66.0,,MallWi00
342,343.0,Quintin Morris,BUF,TE,24.0,10.0,0.0,0.0,0.0,0.0,0.0,0.0,0.0,0.0,,0.0,3.0,2.0,26.0,13.0,1.0,0.0,0.0,1.0,,,9.0,10.6,10.6,9.6,,68.0,,MorrQu00
343,344.0,Jeremy Ruckert,NYJ,TE,23.0,11.0,4.0,0.0,0.0,0.0,0.0,0.0,0.0,0.0,,0.0,14.0,10.0,86.0,8.6,0.0,0.0,0.0,0.0,,,9.0,18.6,18.6,13.6,,69.0,,RuckJe00
344,345.0,Boston Scott,PHI,RB,28.0,9.0,0.0,0.0,0.0,0.0,0.0,0.0,12.0,67.0,5.58,0.0,4.0,3.0,25.0,8.33,0.0,0.0,0.0,0.0,,,9.0,12.2,12.2,10.7,,91.0,,ScotBo02
345,346.0,Brenton Strange,JAX,TE,23.0,11.0,2.0,0.0,0.0,0.0,0.0,0.0,0.0,0.0,,0.0,7.0,4.0,34.0,8.5,1.0,0.0,0.0,1.0,,,9.0,13.4,13.4,11.4,,65.0,,StraBr00
346,347.0,Alec Ingold,MIA,RB,27.0,11.0,8.0,0.0,0.0,0.0,0.0,0.0,2.0,0.0,0.0,0.0,10.0,8.0,79.0,9.88,0.0,0.0,0.0,0.0,,,8.0,15.9,15.9,11.9,,93.0,,IngoAl01
347,348.0,Julio Jones,PHI,WR,34.0,5.0,2.0,0.0,0.0,0.0,0.0,0.0,0.0,0.0,,0.0,8.0,5.0,16.0,3.2,1.0,0.0,0.0,1.0,,,8.0,12.6,12.6,10.1,,143.0,,JoneJu02
348,349.0,Hunter Luepke,DAL,RB,23.0,11.0,0.0,0.0,0.0,0.0,0.0,0.0,3.0,13.0,4.33,1.0,3.0,2.0,10.0,5.0,0.0,0.0,0.0,1.0,,,8.0,10.3,10.3,9.3,,92.0,,LuepHu00
349,350.0,Isaiah McKenzie,IND,WR,28.0,11.0,0.0,0.0,0.0,0.0,0.0,0.0,3.0,14.0,4.67,0.0,14.0,11.0,82.0,7.45,0.0,2.0,1.0,0.0,,,8.0,18.6,19.6,13.1,,144.0,,McKeIs00
350,351.0,Ronnie Rivers,LAR,RB,24.0,6.0,0.0,0.0,0.0,0.0,0.0,0.0,13.0,57.0,4.38,0.0,4.0,4.0,18.0,4.5,0.0,0.0,0.0,0.0,,,8.0,11.5,11.5,9.5,,94.0,,RiveRo01
351,352.0,Sterling Shepard,NYG,WR,30.0,11.0,2.0,0.0,0.0,0.0,0.0,0.0,0.0,0.0,,0.0,16.0,7.0,39.0,5.57,1.0,1.0,1.0,1.0,,,8.0,14.9,15.9,11.4,,142.0,,ShepSt00
352,353.0,Samori Toure,GNB,WR,25.0,8.0,0.0,0.0,0.0,0.0,0.0,0.0,0.0,0.0,,0.0,11.0,5.0,62.0,12.4,0.0,0.0,0.0,0.0,1.0,,8.0,13.2,13.2,10.7,,141.0,,TourSa00
353,354.0,Mitchell Trubisky,PIT,QB,29.0,2.0,0.0,18.0,32.0,156.0,1.0,2.0,3.0,18.0,6.0,0.0,0.0,0.0,0.0,,0.0,0.0,0.0,0.0,,,8.0,8.0,10.0,10.0,,46.0,,TrubMi00
354,355.0,Jamal Agnew,JAX,WR,28.0,8.0,1.0,0.0,0.0,0.0,0.0,0.0,4.0,-2.0,-0.5,0.0,12.0,9.0,90.0,10.0,0.0,1.0,1.0,0.0,,,7.0,15.8,16.8,11.3,,148.0,,AgneJa00
355,356.0,Nick Bawden,NYJ,RB,27.0,11.0,2.0,0.0,0.0,0.0,0.0,0.0,1.0,1.0,1.0,1.0,2.0,2.0,13.0,6.5,0.0,0.0,0.0,1.0,,,7.0,9.4,9.4,8.4,,95.0,,BawdNi00
356,357.0,Raheem Blackshear,CAR,RB,24.0,6.0,0.0,0.0,0.0,0.0,0.0,0.0,11.0,30.0,2.73,0.0,5.0,5.0,41.0,8.2,0.0,0.0,0.0,0.0,,,7.0,12.1,12.1,9.6,,98.0,,BlacRa00
357,358.0,Tim Boyle,NYJ,QB,29.0,2.0,1.0,34.0,52.0,212.0,1.0,3.0,3.0,3.0,1.0,0.0,0.0,0.0,0.0,,0.0,2.0,0.0,0.0,,,7.0,6.8,9.8,9.8,,49.0,,BoylTi00
358,359.0,Gary Brightwell,NYG,RB,24.0,7.0,0.0,0.0,0.0,0.0,0.0,0.0,9.0,19.0,2.11,0.0,7.0,5.0,47.0,9.4,0.0,0.0,0.0,0.0,,,7.0,11.6,11.6,9.1,,101.0,,BrigGa00
359,360.0,Josiah Deguara,GNB,TE,26.0,10.0,3.0,0.0,0.0,0.0,0.0,0.0,0.0,0.0,,0.0,8.0,8.0,65.0,8.13,0.0,0.0,0.0,0.0,,,7.0,14.5,14.5,10.5,,72.0,,DeguJo00
360,361.0,Chase Edmonds,TAM,RB,27.0,7.0,0.0,0.0,0.0,0.0,0.0,0.0,19.0,48.0,2.53,0.0,7.0,5.0,24.0,4.8,0.0,0.0,0.0,0.0,,,7.0,12.2,12.2,9.7,,97.0,,EdmoCh00
361,362.0,Simi Fehoko,LAC,WR,26.0,6.0,0.0,0.0,0.0,0.0,0.0,0.0,0.0,0.0,,0.0,2.0,1.0,9.0,9.0,1.0,0.0,0.0,1.0,,,7.0,7.9,7.9,7.4,,147.0,,FehoSi00
362,363.0,Jimmy Graham,NOR,TE,37.0,7.0,1.0,0.0,0.0,0.0,0.0,0.0,0.0,0.0,,0.0,2.0,1.0,8.0,8.0,1.0,0.0,0.0,1.0,,,7.0,7.8,7.8,7.3,,71.0,,GrahJi00
363,364.0,Tyler Huntley,BAL,QB,25.0,3.0,0.0,5.0,8.0,38.0,1.0,0.0,6.0,16.0,2.67,0.0,0.0,0.0,0.0,,0.0,0.0,0.0,0.0,,,7.0,7.1,7.1,7.1,,48.0,,HuntTy01
364,365.0,Charlie Jones,CIN,WR,25.0,5.0,0.0,0.0,0.0,0.0,0.0,0.0,0.0,0.0,,0.0,2.0,1.0,6.0,6.0,0.0,0.0,0.0,1.0,,,7.0,7.6,7.6,7.1,,149.0,,JoneCh11
365,366.0,Ihmir Smith-Marsette,CAR,WR,24.0,11.0,0.0,0.0,0.0,0.0,0.0,0.0,0.0,0.0,,0.0,1.0,1.0,14.0,14.0,0.0,1.0,0.0,1.0,,,7.0,8.4,8.4,7.9,,145.0,,SmitIh00
366,367.0,Stephen Sullivan,CAR,TE,27.0,5.0,0.0,0.0,0.0,0.0,0.0,0.0,0.0,0.0,,0.0,8.0,7.0,74.0,10.57,0.0,0.0,0.0,0.0,,,7.0,14.4,14.4,10.9,,70.0,,SullSt00
367,368.0,Patrick Taylor,GNB,RB,25.0,5.0,0.0,0.0,0.0,0.0,0.0,0.0,14.0,42.0,3.0,0.0,11.0,6.0,32.0,5.33,0.0,0.0,0.0,0.0,,,7.0,13.4,13.4,10.4,,96.0,,TaylPa01
368,369.0,Cedric Tillman,CLE,WR,23.0,8.0,2.0,0.0,0.0,0.0,0.0,0.0,1.0,8.0,8.0,0.0,14.0,7.0,65.0,9.29,0.0,0.0,0.0,0.0,,,7.0,14.3,14.3,10.8,,146.0,,TillCe01
369,370.0,Clayton Tune,ARI,QB,24.0,4.0,1.0,12.0,21.0,62.0,0.0,2.0,6.0,29.0,4.83,1.0,0.0,0.0,0.0,,0.0,1.0,1.0,1.0,1.0,,7.0,7.4,10.4,9.4,,47.0,,TuneCl00
370,371.0,Deuce Vaughn,DAL,RB,22.0,6.0,0.0,0.0,0.0,0.0,0.0,0.0,21.0,38.0,1.81,0.0,6.0,6.0,30.0,5.0,0.0,0.0,0.0,0.0,,,7.0,12.8,12.8,9.8,,99.0,,VaugDe00
371,372.0,Trayveon Williams,CIN,RB,26.0,11.0,0.0,0.0,0.0,0.0,0.0,0.0,12.0,59.0,4.92,0.0,7.0,5.0,9.0,1.8,0.0,0.0,0.0,0.0,,,7.0,11.8,11.8,9.3,,100.0,,WillTr06
372,373.0,Blake Bell,KAN,TE,32.0,11.0,1.0,0.0,0.0,0.0,0.0,0.0,0.0,0.0,,0.0,5.0,3.0,19.0,6.33,1.0,1.0,1.0,1.0,,,6.0,8.9,9.9,7.4,,73.0,,BellBl00
373,374.0,Mike Boone,HOU,RB,28.0,9.0,0.0,0.0,0.0,0.0,0.0,0.0,5.0,23.0,4.6,0.0,9.0,7.0,40.0,5.71,0.0,1.0,0.0,0.0,,,6.0,13.3,13.3,9.8,,103.0,,BoonMi00
374,375.0,Jalen Brooks,DAL,WR,23.0,5.0,0.0,0.0,0.0,0.0,0.0,0.0,0.0,0.0,,0.0,5.0,5.0,63.0,12.6,0.0,0.0,0.0,0.0,,,6.0,11.3,11.3,8.8,,150.0,,BrooJa03
375,376.0,Rakim Jarrett,TAM,WR,22.0,10.0,0.0,0.0,0.0,0.0,0.0,0.0,1.0,0.0,0.0,0.0,9.0,4.0,60.0,15.0,0.0,0.0,0.0,0.0,,,6.0,10.0,10.0,8.0,,151.0,,JarrRa00
376,377.0,Geoff Swaim,ARI,TE,30.0,12.0,6.0,0.0,0.0,0.0,0.0,0.0,0.0,0.0,,0.0,8.0,7.0,58.0,8.29,0.0,0.0,0.0,0.0,,,6.0,12.8,12.8,9.3,,74.0,,SwaiGe00
377,378.0,Robert Tonyan,CHI,TE,29.0,12.0,5.0,0.0,0.0,0.0,0.0,0.0,0.0,0.0,,0.0,10.0,7.0,58.0,8.29,0.0,0.0,0.0,0.0,,,6.0,12.8,12.8,9.3,,75.0,,TonyRo00
378,379.0,Zamir White,LVR,RB,24.0,12.0,0.0,0.0,0.0,0.0,0.0,0.0,18.0,46.0,2.56,0.0,6.0,6.0,38.0,6.33,0.0,1.0,1.0,0.0,,,6.0,12.4,13.4,9.4,,102.0,,WhitZa01
379,380.0,Damien Williams,ARI,RB,31.0,3.0,0.0,0.0,0.0,0.0,0.0,0.0,11.0,43.0,3.91,0.0,2.0,2.0,12.0,6.0,0.0,0.0,0.0,0.0,,,6.0,7.5,7.5,6.5,,104.0,,WillDa05
380,381.0,Jordan Akins,CLE,TE,31.0,11.0,3.0,0.0,0.0,0.0,0.0,0.0,0.0,0.0,,0.0,11.0,6.0,45.0,7.5,0.0,0.0,0.0,0.0,,,5.0,10.5,10.5,7.5,,76.0,,AkinJo00
381,382.0,Lynn Bowden Jr.,NOR,WR,26.0,9.0,0.0,0.0,0.0,0.0,0.0,0.0,2.0,40.0,20.0,0.0,4.0,1.0,12.0,12.0,0.0,0.0,0.0,0.0,,,5.0,6.2,6.2,5.7,,155.0,,BowdLy00
382,383.0,DeAndre Carter,LVR,WR,30.0,12.0,1.0,0.0,0.0,0.0,0.0,0.0,3.0,18.0,6.0,0.0,6.0,3.0,36.0,12.0,0.0,1.0,0.0,0.0,,,5.0,8.4,8.4,6.9,,152.0,,CartDe02
383,384.0,Malik Heath,GNB,WR,23.0,7.0,1.0,0.0,0.0,0.0,0.0,0.0,0.0,0.0,,0.0,10.0,5.0,53.0,10.6,0.0,0.0,0.0,0.0,,,5.0,10.3,10.3,7.8,,153.0,,HeatMa00
384,385.0,Brian Hoyer,LVR,QB,38.0,3.0,1.0,23.0,42.0,231.0,0.0,2.0,3.0,-3.0,-1.0,0.0,0.0,0.0,0.0,,0.0,0.0,0.0,0.0,,,5.0,4.9,6.9,6.9,,50.0,,HoyeBr00
385,386.0,Johnny Mundt,MIN,TE,29.0,12.0,0.0,0.0,0.0,0.0,0.0,0.0,0.0,0.0,,0.0,5.0,5.0,45.0,9.0,0.0,0.0,0.0,0.0,,,5.0,9.5,9.5,7.0,,77.0,,MundJo00
386,387.0,Patrick Ricard,BAL,RB,29.0,12.0,6.0,0.0,0.0,0.0,0.0,0.0,0.0,0.0,,0.0,5.0,4.0,48.0,12.0,0.0,0.0,0.0,0.0,,,5.0,8.8,8.8,6.8,,105.0,,RicaPa00
387,388.0,Demarcus Robinson,LAR,WR,29.0,10.0,0.0,0.0,0.0,0.0,0.0,0.0,0.0,0.0,,0.0,5.0,5.0,52.0,10.4,0.0,0.0,0.0,0.0,,,5.0,10.2,10.2,7.7,,156.0,,RobiDe01
388,389.0,Brett Rypien,LAR,QB,27.0,2.0,1.0,18.0,38.0,172.0,0.0,1.0,3.0,19.0,6.33,0.0,0.0,0.0,0.0,,0.0,2.0,1.0,0.0,,,5.0,4.8,6.8,5.8,,51.0,,RypiBr00
389,390.0,Trent Sherfield,BUF,WR,27.0,12.0,1.0,0.0,0.0,0.0,0.0,0.0,0.0,0.0,,0.0,13.0,7.0,53.0,7.57,0.0,0.0,0.0,0.0,,,5.0,12.3,12.3,8.8,,154.0,,SherTr00
390,391.0,Isaiah Spiller,LAC,RB,22.0,5.0,0.0,0.0,0.0,0.0,0.0,0.0,12.0,27.0,2.25,0.0,3.0,3.0,20.0,6.67,0.0,0.0,0.0,0.0,,,5.0,7.7,7.7,6.2,,106.0,,SpilIs00
391,392.0,Mike Strachan,CAR,WR,26.0,2.0,1.0,0.0,0.0,0.0,0.0,0.0,0.0,0.0,,0.0,2.0,1.0,45.0,45.0,0.0,0.0,0.0,0.0,,,5.0,5.5,5.5,5.0,,157.0,,StraMi03
392,393.0,Ian Thomas,CAR,TE,27.0,7.0,4.0,0.0,0.0,0.0,0.0,0.0,0.0,0.0,,0.0,5.0,3.0,45.0,15.0,0.0,0.0,0.0,0.0,,,5.0,7.5,7.5,6.0,,78.0,,ThomIa00
393,394.0,Randall Cobb,NYJ,WR,33.0,7.0,1.0,0.0,0.0,0.0,0.0,0.0,0.0,0.0,,0.0,12.0,3.0,20.0,6.67,0.0,0.0,0.0,0.0,1.0,,4.0,7.0,7.0,5.5,,161.0,,CobbRa00
394,395.0,Marquise Goodwin,CLE,WR,33.0,8.0,0.0,0.0,0.0,0.0,0.0,0.0,4.0,33.0,8.25,0.0,11.0,3.0,10.0,3.33,0.0,0.0,0.0,0.0,,,4.0,7.3,7.3,5.8,,160.0,,GoodMa00
395,396.0,Tim Jones,JAX,WR,25.0,11.0,1.0,0.0,0.0,0.0,0.0,0.0,0.0,0.0,,0.0,9.0,7.0,44.0,6.29,0.0,0.0,0.0,0.0,,,4.0,11.4,11.4,7.9,,158.0,,JoneTi00
396,397.0,MyCole Pruitt,ATL,TE,31.0,11.0,7.0,0.0,0.0,0.0,0.0,0.0,0.0,0.0,,0.0,7.0,4.0,44.0,11.0,0.0,0.0,0.0,0.0,,,4.0,8.4,8.4,6.4,,79.0,,PruiMy00
397,398.0,Equanimeous St. Brown,CHI,WR,27.0,5.0,0.0,0.0,0.0,0.0,0.0,0.0,0.0,0.0,,0.0,5.0,4.0,44.0,11.0,0.0,0.0,0.0,0.0,,,4.0,8.4,8.4,6.4,,159.0,,St.BEq00
398,399.0,Tyquan Thornton,NWE,WR,23.0,4.0,1.0,0.0,0.0,0.0,0.0,0.0,1.0,3.0,3.0,0.0,12.0,5.0,34.0,6.8,0.0,0.0,0.0,0.0,,,4.0,8.7,8.7,6.2,,162.0,,ThorTy00
399,400.0,Ke'Shawn Vaughn,TAM,RB,26.0,6.0,0.0,0.0,0.0,0.0,0.0,0.0,24.0,42.0,1.75,0.0,5.0,2.0,2.0,1.0,0.0,0.0,0.0,0.0,,,4.0,6.4,6.4,5.4,,107.0,,VaugKe00
400,401.0,Darnell Washington,PIT,TE,22.0,11.0,5.0,0.0,0.0,0.0,0.0,0.0,0.0,0.0,,0.0,7.0,5.0,41.0,8.2,0.0,0.0,0.0,0.0,,,4.0,9.1,9.1,6.6,,80.0,,WashDa03
401,402.0,Mike White,MIA,QB,28.0,3.0,0.0,2.0,3.0,67.0,1.0,1.0,5.0,-7.0,-1.4,0.0,0.0,0.0,0.0,,0.0,0.0,0.0,0.0,,,4.0,4.0,5.0,5.0,,52.0,,WhitMi01
402,403.0,David Bell,CLE,WR,23.0,9.0,0.0,0.0,0.0,0.0,0.0,0.0,0.0,0.0,,0.0,9.0,4.0,33.0,8.25,0.0,0.0,0.0,0.0,,,3.0,7.3,7.3,5.3,,164.0,,BellDa02
403,404.0,Khari Blasingame,CHI,RB,27.0,11.0,1.0,0.0,0.0,0.0,0.0,0.0,8.0,26.0,3.25,0.0,4.0,2.0,5.0,2.5,0.0,0.0,0.0,0.0,,,3.0,5.1,5.1,4.1,,111.0,,BlasKh00
404,405.0,Michael Burton,DEN,RB,31.0,11.0,2.0,0.0,0.0,0.0,0.0,0.0,4.0,3.0,0.75,0.0,1.0,1.0,3.0,3.0,0.0,0.0,0.0,0.0,1.0,,3.0,3.6,3.6,3.1,,114.0,,BurtMi00
405,406.0,Greg Dulcich,DEN,TE,23.0,2.0,1.0,0.0,0.0,0.0,0.0,0.0,0.0,0.0,,0.0,4.0,3.0,25.0,8.33,0.0,0.0,0.0,0.0,,,3.0,5.5,5.5,4.0,,86.0,,DulcGr00
406,407.0,Payne Durham,TAM,TE,23.0,7.0,1.0,0.0,0.0,0.0,0.0,0.0,0.0,0.0,,0.0,6.0,4.0,33.0,8.25,0.0,0.0,0.0,0.0,,,3.0,7.3,7.3,5.3,,81.0,,DurhPa00
407,408.0,Devin Duvernay,BAL,WR,26.0,12.0,1.0,0.0,0.0,0.0,0.0,0.0,4.0,15.0,3.75,0.0,9.0,4.0,18.0,4.5,0.0,0.0,0.0,0.0,,,3.0,7.3,7.3,5.3,,165.0,,DuveDe00
408,409.0,Alex Erickson,LAC,WR,31.0,2.0,1.0,0.0,0.0,0.0,0.0,0.0,0.0,0.0,,0.0,4.0,2.0,29.0,14.5,0.0,0.0,0.0,0.0,,,3.0,4.9,4.9,3.9,,169.0,,EricAl01
409,410.0,Eric Gray,NYG,RB,24.0,8.0,0.0,0.0,0.0,0.0,0.0,0.0,13.0,27.0,2.08,0.0,1.0,1.0,1.0,1.0,0.0,3.0,0.0,0.0,,,3.0,3.8,3.8,3.3,,112.0,,GrayEr01
410,411.0,Jaren Hall,MIN,QB,25.0,2.0,1.0,8.0,10.0,101.0,0.0,0.0,4.0,10.0,2.5,0.0,0.0,0.0,0.0,,0.0,1.0,1.0,0.0,,,3.0,3.0,4.0,3.0,,54.0,,HallJa00
411,412.0,Mecole Hardman,2TM,WR,25.0,9.0,1.0,0.0,0.0,0.0,0.0,0.0,1.0,3.0,3.0,0.0,13.0,9.0,47.0,5.22,0.0,1.0,1.0,0.0,,,3.0,12.0,13.0,7.5,,167.0,,HardMe00
412,413.0,Elijah Higgins,ARI,TE,23.0,6.0,1.0,0.0,0.0,0.0,0.0,0.0,0.0,0.0,,0.0,6.0,3.0,28.0,9.33,0.0,0.0,0.0,0.0,,,3.0,5.8,5.8,4.3,,84.0,,HiggEl00
413,414.0,Brycen Hopkins,LAR,TE,26.0,10.0,0.0,0.0,0.0,0.0,0.0,0.0,0.0,0.0,,0.0,4.0,3.0,31.0,10.33,0.0,0.0,0.0,0.0,,,3.0,6.1,6.1,4.6,,83.0,,HopkBr01
414,415.0,Trishton Jackson,MIN,WR,25.0,6.0,0.0,0.0,0.0,0.0,0.0,0.0,0.0,0.0,,0.0,4.0,2.0,9.0,4.5,0.0,0.0,0.0,0.0,1.0,,3.0,4.9,4.9,3.9,,170.0,,JackTr02
415,416.0,Velus Jones Jr.,CHI,WR,26.0,9.0,0.0,0.0,0.0,0.0,0.0,0.0,4.0,22.0,5.5,0.0,5.0,3.0,9.0,3.0,0.0,0.0,0.0,0.0,,,3.0,6.1,6.1,4.6,,166.0,,JoneVe00
416,417.0,Ty Montgomery,NWE,WR,30.0,11.0,0.0,0.0,0.0,0.0,0.0,0.0,2.0,7.0,3.5,0.0,10.0,4.0,23.0,5.75,0.0,0.0,0.0,0.0,,,3.0,7.0,7.0,5.0,,168.0,,MontTy01
417,418.0,Dare Ogunbowale,HOU,RB,29.0,6.0,0.0,0.0,0.0,0.0,0.0,0.0,2.0,4.0,2.0,0.0,0.0,0.0,0.0,,0.0,0.0,0.0,0.0,,,3.0,3.4,0.4,3.4,,108.0,,OgunDa00
418,419.0,Teagan Quitoriano,HOU,TE,23.0,7.0,5.0,0.0,0.0,0.0,0.0,0.0,0.0,0.0,,0.0,3.0,2.0,33.0,16.5,0.0,0.0,0.0,0.0,,,3.0,5.3,5.3,4.3,,82.0,,QuitTe00
419,420.0,Justyn Ross,KAN,WR,24.0,7.0,0.0,0.0,0.0,0.0,0.0,0.0,0.0,0.0,,0.0,6.0,3.0,34.0,11.33,0.0,0.0,0.0,0.0,,,3.0,6.4,6.4,4.9,,163.0,,RossJu00
420,421.0,Trey Sermon,IND,RB,24.0,9.0,0.0,0.0,0.0,0.0,0.0,0.0,8.0,24.0,3.0,0.0,3.0,1.0,4.0,4.0,0.0,0.0,0.0,0.0,,,3.0,3.8,3.8,3.3,,113.0,,SermTr00
421,422.0,Steven Sims,HOU,WR,26.0,2.0,0.0,0.0,0.0,0.0,0.0,0.0,0.0,0.0,,0.0,2.0,2.0,25.0,12.5,0.0,0.0,0.0,0.0,,,3.0,4.5,4.5,3.5,,171.0,,SimsSt00
422,423.0,Keith Smith,ATL,RB,31.0,10.0,5.0,0.0,0.0,0.0,0.0,0.0,0.0,0.0,,0.0,3.0,3.0,33.0,11.0,0.0,0.0,0.0,0.0,,,3.0,6.3,6.3,4.8,,109.0,,SmitKe03
423,424.0,Jack Stoll,PHI,TE,25.0,11.0,7.0,0.0,0.0,0.0,0.0,0.0,0.0,0.0,,0.0,7.0,4.0,27.0,6.75,0.0,0.0,0.0,0.0,,,3.0,6.7,6.7,4.7,,85.0,,StolJa00
424,425.0,Sean Tucker,TAM,RB,22.0,9.0,0.0,0.0,0.0,0.0,0.0,0.0,15.0,23.0,1.53,0.0,2.0,2.0,9.0,4.5,0.0,0.0,0.0,0.0,,,3.0,5.2,5.2,4.2,,110.0,,TuckSe00
425,426.0,Malik Willis,TEN,QB,24.0,3.0,0.0,4.0,5.0,74.0,0.0,0.0,5.0,21.0,4.2,0.0,0.0,0.0,0.0,,0.0,1.0,1.0,0.0,,,3.0,3.1,4.1,3.1,,53.0,,WillMa12
426,427.0,Israel Abanikanda,NYJ,RB,21.0,1.0,0.0,0.0,0.0,0.0,0.0,0.0,1.0,11.0,11.0,0.0,2.0,1.0,5.0,5.0,0.0,0.0,0.0,0.0,,,2.0,2.6,2.6,2.1,,122.0,,AbanIs00
427,428.0,Nate Adkins,DEN,TE,24.0,8.0,1.0,0.0,0.0,0.0,0.0,0.0,0.0,0.0,,0.0,5.0,4.0,22.0,5.5,0.0,0.0,0.0,0.0,,,2.0,6.2,6.2,4.2,,88.0,,AdkiNa00
428,429.0,Kayshon Boutte,NWE,WR,21.0,3.0,0.0,0.0,0.0,0.0,0.0,0.0,0.0,0.0,,0.0,7.0,2.0,19.0,9.5,0.0,0.0,0.0,0.0,,,2.0,3.9,3.9,2.9,,177.0,,BoutKa00
429,430.0,Jason Brownlee,NYJ,WR,24.0,3.0,1.0,0.0,0.0,0.0,0.0,0.0,0.0,0.0,,0.0,2.0,2.0,20.0,10.0,0.0,0.0,0.0,0.0,,,2.0,4.0,4.0,3.0,,176.0,,BrowJa07
430,431.0,Tyrion Davis-Price,SFO,RB,23.0,1.0,0.0,0.0,0.0,0.0,0.0,0.0,6.0,21.0,3.5,0.0,0.0,0.0,0.0,,0.0,0.0,0.0,0.0,,,2.0,2.1,2.1,2.1,,118.0,,DaviTy03
431,432.0,Elijah Dotson,LAC,RB,24.0,4.0,0.0,0.0,0.0,0.0,0.0,0.0,4.0,6.0,1.5,0.0,2.0,2.0,13.0,6.5,0.0,0.0,0.0,0.0,,,2.0,3.9,3.9,2.9,,120.0,,DotsEl00
432,433.0,Zach Evans,LAR,RB,22.0,6.0,0.0,0.0,0.0,0.0,0.0,0.0,8.0,16.0,2.0,0.0,0.0,0.0,0.0,,0.0,0.0,0.0,0.0,,,2.0,1.6,1.6,1.6,,123.0,,EvanZa00
433,434.0,Erik Ezukanma,MIA,WR,23.0,2.0,0.0,0.0,0.0,0.0,0.0,0.0,5.0,22.0,4.4,0.0,1.0,0.0,0.0,,0.0,0.0,0.0,0.0,,,2.0,2.2,2.2,2.2,,172.0,,EzukEr00
434,435.0,Jake Funk,IND,RB,25.0,4.0,0.0,0.0,0.0,0.0,0.0,0.0,2.0,10.0,5.0,0.0,1.0,1.0,12.0,12.0,0.0,0.0,0.0,0.0,,,2.0,3.2,3.2,2.7,,116.0,,FunkJa00
435,436.0,Derrick Gore,WAS,RB,29.0,3.0,0.0,0.0,0.0,0.0,0.0,0.0,2.0,23.0,11.5,0.0,0.0,0.0,0.0,,0.0,0.0,0.0,0.0,,,2.0,2.3,2.3,2.3,,115.0,,GoreDe00
436,437.0,C.J. Ham,MIN,RB,30.0,12.0,3.0,0.0,0.0,0.0,0.0,0.0,0.0,0.0,,0.0,8.0,6.0,19.0,3.17,0.0,0.0,0.0,0.0,,,2.0,7.9,7.9,4.9,,121.0,,HamxC.00
437,438.0,Marvin Jones,DET,WR,33.0,6.0,4.0,0.0,0.0,0.0,0.0,0.0,0.0,0.0,,0.0,10.0,5.0,35.0,7.0,0.0,1.0,1.0,0.0,,,2.0,6.5,7.5,4.0,,180.0,,JoneMa02
438,439.0,Keith Kirkwood,NOR,WR,29.0,8.0,2.0,0.0,0.0,0.0,0.0,0.0,0.0,0.0,,0.0,7.0,3.0,21.0,7.0,0.0,0.0,0.0,0.0,,,2.0,5.1,5.1,3.6,,174.0,,KirkKe00
439,440.0,Zonovan Knight,DET,RB,22.0,2.0,0.0,0.0,0.0,0.0,0.0,0.0,3.0,13.0,4.33,0.0,1.0,1.0,8.0,8.0,0.0,0.0,0.0,0.0,,,2.0,3.1,3.1,2.6,,119.0,,KnigZo00
440,441.0,Marcedes Lewis,CHI,TE,39.0,12.0,2.0,0.0,0.0,0.0,0.0,0.0,0.0,0.0,,0.0,3.0,2.0,24.0,12.0,0.0,0.0,0.0,0.0,,,2.0,4.4,4.4,3.4,,87.0,,LewiMa00
441,442.0,Drew Lock,SEA,QB,27.0,2.0,0.0,4.0,12.0,66.0,0.0,1.0,1.0,11.0,11.0,0.0,0.0,0.0,0.0,,0.0,0.0,0.0,0.0,,,2.0,1.7,2.7,2.7,,57.0,,LockDr00
442,443.0,Chris Manhertz,DEN,TE,31.0,11.0,4.0,0.0,0.0,0.0,0.0,0.0,0.0,0.0,,0.0,4.0,2.0,16.0,8.0,0.0,0.0,0.0,0.0,,,2.0,3.6,3.6,2.6,,91.0,,ManhCh00
443,444.0,Jalen Nailor,MIN,WR,24.0,5.0,1.0,0.0,0.0,0.0,0.0,0.0,0.0,0.0,,0.0,1.0,1.0,16.0,16.0,0.0,0.0,0.0,0.0,,,2.0,2.6,2.6,2.1,,179.0,,NailJa00
444,445.0,Zach Pascal,ARI,WR,29.0,10.0,1.0,0.0,0.0,0.0,0.0,0.0,0.0,0.0,,0.0,11.0,4.0,19.0,4.75,0.0,0.0,0.0,0.0,,,2.0,5.9,5.9,3.9,,178.0,,PascZa00
445,446.0,Rashaad Penny,PHI,RB,27.0,2.0,0.0,0.0,0.0,0.0,0.0,0.0,5.0,17.0,3.4,0.0,1.0,1.0,5.0,5.0,0.0,0.0,0.0,0.0,,,2.0,3.2,3.2,2.7,,117.0,,PennRa00
446,447.0,Jalen Reagor,NWE,WR,24.0,5.0,1.0,0.0,0.0,0.0,0.0,0.0,0.0,0.0,,0.0,9.0,2.0,22.0,11.0,0.0,0.0,0.0,0.0,,,2.0,4.2,4.2,3.2,,173.0,,ReagJa00
447,448.0,Cooper Rush,DAL,QB,30.0,6.0,0.0,15.0,20.0,114.0,0.0,1.0,12.0,-5.0,-0.42,0.0,0.0,0.0,0.0,,0.0,0.0,0.0,0.0,,,2.0,2.1,3.1,3.1,,56.0,,RushCo00
448,449.0,Quez Watkins,PHI,WR,25.0,4.0,2.0,0.0,0.0,0.0,0.0,0.0,0.0,0.0,,0.0,5.0,4.0,21.0,5.25,0.0,0.0,0.0,0.0,,,2.0,6.1,6.1,4.1,,175.0,,WatkQu00
449,450.0,Trevon Wesco,TEN,TE,28.0,11.0,9.0,0.0,0.0,0.0,0.0,0.0,0.0,0.0,,0.0,2.0,1.0,21.0,21.0,0.0,0.0,0.0,0.0,,,2.0,3.1,3.1,2.6,,89.0,,WescTr00
450,451.0,Mitchell Wilcox,CIN,TE,27.0,11.0,1.0,0.0,0.0,0.0,0.0,0.0,0.0,0.0,,0.0,6.0,4.0,18.0,4.5,0.0,0.0,0.0,0.0,,,2.0,5.8,5.8,3.8,,90.0,,WilcMi01
451,452.0,Bailey Zappe,NWE,QB,24.0,4.0,0.0,19.0,39.0,158.0,0.0,2.0,0.0,0.0,,0.0,0.0,0.0,0.0,,0.0,0.0,0.0,0.0,,,2.0,2.3,4.3,4.3,,55.0,,ZappBa00
452,453.0,Davis Allen,LAR,TE,22.0,9.0,0.0,0.0,0.0,0.0,0.0,0.0,0.0,0.0,,0.0,1.0,1.0,6.0,6.0,0.0,0.0,0.0,0.0,,,1.0,1.6,1.6,1.1,,96.0,,AlleDa02
453,454.0,Miles Boykin,PIT,WR,27.0,11.0,0.0,0.0,0.0,0.0,0.0,0.0,0.0,0.0,,0.0,3.0,2.0,11.0,5.5,0.0,0.0,0.0,0.0,,,1.0,3.1,3.1,2.1,,182.0,,BoykMi00
454,455.0,Chase Brown,CIN,RB,23.0,6.0,0.0,0.0,0.0,0.0,0.0,0.0,2.0,6.0,3.0,0.0,3.0,3.0,7.0,2.33,0.0,0.0,0.0,0.0,,,1.0,4.3,4.3,2.8,,125.0,,BrowCh10
455,456.0,Jashaun Corbin,NYG,RB,23.0,3.0,0.0,0.0,0.0,0.0,0.0,0.0,1.0,1.0,1.0,0.0,3.0,3.0,12.0,4.0,0.0,0.0,0.0,0.0,,,1.0,4.3,4.3,2.8,,126.0,,CorbJa01
456,457.0,DeeJay Dallas,SEA,RB,25.0,11.0,0.0,0.0,0.0,0.0,0.0,0.0,8.0,28.0,3.5,0.0,7.0,6.0,26.0,4.33,0.0,2.0,2.0,0.0,,,1.0,7.4,9.4,4.4,,124.0,,DallDe00
457,458.0,Kenyan Drake,BAL,RB,29.0,2.0,0.0,0.0,0.0,0.0,0.0,0.0,1.0,0.0,0.0,0.0,3.0,2.0,31.0,15.5,0.0,1.0,1.0,0.0,,,1.0,3.1,4.1,2.1,,129.0,,DrakKe00
458,459.0,Ross Dwelley,SFO,TE,28.0,11.0,0.0,0.0,0.0,0.0,0.0,0.0,0.0,0.0,,0.0,2.0,1.0,12.0,12.0,0.0,0.0,0.0,0.0,,,1.0,2.2,2.2,1.7,,94.0,,DwelRo00
459,460.0,D'Wayne Eskridge,SEA,WR,26.0,4.0,0.0,0.0,0.0,0.0,0.0,0.0,2.0,5.0,2.5,0.0,1.0,0.0,0.0,,0.0,0.0,0.0,0.0,,,1.0,0.5,0.5,0.5,,186.0,,EskrDW00
460,461.0,Chris Evans,CIN,RB,26.0,8.0,0.0,0.0,0.0,0.0,0.0,0.0,2.0,12.0,6.0,0.0,1.0,1.0,-1.0,-1.0,0.0,0.0,0.0,0.0,,,1.0,2.1,2.1,1.6,,130.0,,EvanCh02
461,462.0,Evan Hull,IND,RB,23.0,1.0,0.0,0.0,0.0,0.0,0.0,0.0,1.0,1.0,1.0,0.0,1.0,1.0,6.0,6.0,0.0,0.0,0.0,0.0,,,1.0,1.7,1.7,1.2,,133.0,,HullEv00
462,463.0,Jakob Johnson,LVR,RB,29.0,8.0,3.0,0.0,0.0,0.0,0.0,0.0,0.0,0.0,,0.0,2.0,1.0,12.0,12.0,0.0,0.0,0.0,0.0,,,1.0,2.2,2.2,1.7,,128.0,,JohnJa12
463,464.0,Charlie Kolar,BAL,TE,24.0,10.0,0.0,0.0,0.0,0.0,0.0,0.0,0.0,0.0,,0.0,2.0,1.0,13.0,13.0,0.0,0.0,0.0,0.0,,,1.0,2.3,2.3,1.8,,93.0,,KolaCh00
464,465.0,Anthony McFarland Jr.,PIT,RB,24.0,3.0,0.0,0.0,0.0,0.0,0.0,0.0,0.0,0.0,,0.0,2.0,2.0,11.0,5.5,0.0,0.0,0.0,0.0,,,1.0,3.1,3.1,2.1,,131.0,,McFaAn00
465,466.0,Kene Nwangwu,MIN,RB,25.0,4.0,0.0,0.0,0.0,0.0,0.0,0.0,2.0,9.0,4.5,0.0,0.0,0.0,0.0,,0.0,0.0,0.0,0.0,,,1.0,0.9,0.9,0.9,,132.0,,NwanKe00
466,467.0,Devine Ozigbo,DET,RB,27.0,3.0,0.0,0.0,0.0,0.0,0.0,0.0,3.0,5.0,1.67,0.0,1.0,1.0,8.0,8.0,0.0,0.0,0.0,0.0,,,1.0,2.3,2.3,1.8,,127.0,,OzigDe01
467,468.0,Ben Sims,GNB,TE,23.0,11.0,0.0,0.0,0.0,0.0,0.0,0.0,0.0,0.0,,0.0,3.0,2.0,14.0,7.0,0.0,0.0,0.0,0.0,,,1.0,3.4,3.4,2.4,,92.0,,SimsBe00
468,469.0,Willie Snead,SFO,WR,31.0,3.0,0.0,0.0,0.0,0.0,0.0,0.0,0.0,0.0,,0.0,1.0,1.0,9.0,9.0,0.0,0.0,0.0,0.0,,,1.0,1.9,1.9,1.4,,184.0,,SneaWi00
469,470.0,Malik Taylor,NYJ,WR,28.0,3.0,0.0,0.0,0.0,0.0,0.0,0.0,0.0,0.0,,0.0,4.0,2.0,13.0,6.5,0.0,0.0,0.0,0.0,,,1.0,3.3,3.3,2.3,,181.0,,TaylMa01
470,471.0,Cody Thompson,SEA,WR,27.0,6.0,0.0,0.0,0.0,0.0,0.0,0.0,0.0,0.0,,0.0,1.0,1.0,10.0,10.0,0.0,0.0,0.0,0.0,,,1.0,2.0,2.0,1.5,,183.0,,ThomCo04
471,472.0,Austin Trammell,LAR,WR,25.0,10.0,0.0,0.0,0.0,0.0,0.0,0.0,0.0,0.0,,0.0,7.0,4.0,29.0,7.25,0.0,1.0,1.0,0.0,,,1.0,4.9,5.9,2.9,,185.0,,TramAu00
472,473.0,Charlie Woerner,SFO,TE,26.0,11.0,1.0,0.0,0.0,0.0,0.0,0.0,0.0,0.0,,0.0,1.0,1.0,9.0,9.0,0.0,0.0,0.0,0.0,,,1.0,1.9,1.9,1.4,,95.0,,WoerCh00
473,474.0,Devon Allen,PHI,,29.0,2.0,0.0,0.0,0.0,0.0,0.0,0.0,0.0,0.0,,0.0,0.0,0.0,0.0,,0.0,0.0,0.0,0.0,,,,,,,,189.0,,AlleDe02
474,475.0,Alex Armah,WAS,RB,29.0,4.0,0.0,0.0,0.0,0.0,0.0,0.0,0.0,0.0,,0.0,2.0,2.0,3.0,1.5,0.0,0.0,0.0,0.0,,,,2.3,2.3,1.3,,134.0,,ArmaAl00
475,476.0,Andre Baccellia,ARI,,26.0,4.0,0.0,0.0,0.0,0.0,0.0,0.0,0.0,0.0,,0.0,0.0,0.0,0.0,,0.0,0.0,0.0,0.0,,,,,,,,190.0,,BaccAn00
476,477.0,C.J. Beathard,JAX,QB,30.0,4.0,0.0,3.0,4.0,14.0,0.0,0.0,3.0,-2.0,-0.67,0.0,0.0,0.0,0.0,,0.0,0.0,0.0,0.0,,,,0.4,0.4,0.4,,58.0,,BeatC.00
477,478.0,Brandon Bolden,LVR,,33.0,12.0,0.0,0.0,0.0,0.0,0.0,0.0,0.0,0.0,,0.0,0.0,0.0,0.0,,0.0,0.0,0.0,0.0,,,,,,,,138.0,,BoldBr00
478,479.0,Teddy Bridgewater,DET,QB,31.0,1.0,0.0,0.0,0.0,0.0,0.0,0.0,2.0,-2.0,-1.0,0.0,0.0,0.0,0.0,,0.0,0.0,0.0,0.0,,,,-0.2,-0.2,-0.2,,65.0,,BridTe00
479,480.0,Matt Bushman,KAN,,28.0,1.0,0.0,0.0,0.0,0.0,0.0,0.0,0.0,0.0,,0.0,0.0,0.0,0.0,,0.0,0.0,0.0,0.0,,,,,,,,99.0,,BushMa00
480,481.0,Terrell Bynum,LAC,,25.0,1.0,0.0,0.0,0.0,0.0,0.0,0.0,0.0,0.0,,0.0,0.0,0.0,0.0,,0.0,0.0,0.0,0.0,,,,,,,,191.0,,BynuTe00
481,482.0,Damiere Byrd,ATL,,30.0,1.0,0.0,0.0,0.0,0.0,0.0,0.0,0.0,0.0,,0.0,2.0,0.0,0.0,,0.0,0.0,0.0,0.0,,,,,,,,192.0,,ByrdDa00
482,483.0,Jason Cabinda,DET,RB,27.0,3.0,0.0,0.0,0.0,0.0,0.0,0.0,1.0,0.0,0.0,0.0,0.0,0.0,0.0,,0.0,0.0,0.0,0.0,,,,,,,,139.0,,CabiJa00
483,484.0,Grant Calcaterra,PHI,,25.0,9.0,1.0,0.0,0.0,0.0,0.0,0.0,0.0,0.0,,0.0,0.0,0.0,0.0,,0.0,0.0,0.0,0.0,,,,,,,,100.0,,CalcGr00
484,485.0,Stephen Carlson,CHI,,27.0,1.0,0.0,0.0,0.0,0.0,0.0,0.0,0.0,0.0,,0.0,0.0,0.0,0.0,,0.0,0.0,0.0,0.0,,,,,,,,101.0,,CarlSt00
485,486.0,Irvin Charles,NYJ,,26.0,6.0,0.0,0.0,0.0,0.0,0.0,0.0,0.0,0.0,,0.0,0.0,0.0,0.0,,0.0,0.0,0.0,0.0,,,,,,,,193.0,,CharIr00
486,487.0,Julius Chestnut,TEN,,23.0,3.0,0.0,0.0,0.0,0.0,0.0,0.0,0.0,0.0,,0.0,0.0,0.0,0.0,,0.0,0.0,0.0,0.0,,,,,,,,140.0,,ChesJu00
487,488.0,Corey Clement,ARI,,29.0,3.0,0.0,0.0,0.0,0.0,0.0,0.0,0.0,0.0,,0.0,0.0,0.0,0.0,,0.0,0.0,0.0,0.0,,,,,,,,141.0,,ClemCo00
488,489.0,Sean Clifford,GNB,QB,25.0,1.0,0.0,0.0,0.0,0.0,0.0,0.0,1.0,0.0,0.0,0.0,0.0,0.0,0.0,,0.0,1.0,0.0,0.0,,,,,,,,60.0,,ClifSe00
489,490.0,Chris Conley,SFO,,31.0,2.0,0.0,0.0,0.0,0.0,0.0,0.0,0.0,0.0,,0.0,0.0,0.0,0.0,,0.0,0.0,0.0,0.0,,,,,,,,194.0,,ConlCh00
490,491.0,Tanner Conner,MIA,,25.0,2.0,0.0,0.0,0.0,0.0,0.0,0.0,0.0,0.0,,0.0,0.0,0.0,0.0,,0.0,0.0,0.0,0.0,,,,,,,,102.0,,ConnTa00
491,492.0,Elijah Cooks,JAX,,25.0,4.0,0.0,0.0,0.0,0.0,0.0,0.0,0.0,0.0,,0.0,0.0,0.0,0.0,,0.0,0.0,0.0,0.0,,,,,,,,195.0,,CookEl00
492,493.0,Britain Covey,PHI,,26.0,11.0,0.0,0.0,0.0,0.0,0.0,0.0,0.0,0.0,,0.0,0.0,0.0,0.0,,0.0,1.0,0.0,0.0,,,,,,,,196.0,,CoveBr00
493,494.0,Malik Cunningham,NWE,,25.0,1.0,0.0,0.0,0.0,0.0,0.0,0.0,0.0,0.0,,0.0,0.0,0.0,0.0,,0.0,0.0,0.0,0.0,,,,,,,,61.0,,CunnMa00
494,495.0,Darrell Daniels,DET,,29.0,3.0,0.0,0.0,0.0,0.0,0.0,0.0,0.0,0.0,,0.0,0.0,0.0,0.0,,0.0,0.0,0.0,0.0,,,,,,,,103.0,,DaniDa02
495,496.0,Frank Darby,ATL,,26.0,1.0,0.0,0.0,0.0,0.0,0.0,0.0,0.0,0.0,,0.0,0.0,0.0,0.0,,0.0,0.0,0.0,0.0,,,,,,,,197.0,,DarbFr00
496,497.0,Jaelon Darden,CLE,,24.0,1.0,0.0,0.0,0.0,0.0,0.0,0.0,0.0,0.0,,0.0,0.0,0.0,0.0,,0.0,0.0,0.0,0.0,,,,,,,,198.0,,DardJa00
497,498.0,Malik Davis,DAL,,25.0,1.0,0.0,0.0,0.0,0.0,0.0,0.0,0.0,0.0,,0.0,0.0,0.0,0.0,,0.0,0.0,0.0,0.0,,,,,,,,142.0,,DaviMa02
498,499.0,Phillip Dorsett,DEN,,30.0,1.0,0.0,0.0,0.0,0.0,0.0,0.0,0.0,0.0,,0.0,1.0,0.0,0.0,,0.0,0.0,0.0,0.0,,,,,,,,199.0,,DorsPh00
499,500.0,Keelan Doss,LAC,,27.0,3.0,0.0,0.0,0.0,0.0,0.0,0.0,0.0,0.0,,0.0,0.0,0.0,0.0,,0.0,0.0,0.0,0.0,,,,,,,,200.0,,DossKe00
500,501.0,Colton Dowell,TEN,,24.0,5.0,0.0,0.0,0.0,0.0,0.0,0.0,0.0,0.0,,0.0,1.0,0.0,0.0,,0.0,0.0,0.0,0.0,,,,,,,,201.0,,DoweCo00
501,502.0,Dylan Drummond,DET,,23.0,1.0,0.0,0.0,0.0,0.0,0.0,0.0,0.0,0.0,,0.0,0.0,0.0,0.0,,0.0,0.0,0.0,0.0,,,,,,,,202.0,,DrumDy00
502,503.0,Tucker Fisk,ATL,,24.0,2.0,0.0,0.0,0.0,0.0,0.0,0.0,0.0,0.0,,0.0,0.0,0.0,0.0,,0.0,0.0,0.0,0.0,,,,,,,,104.0,,FiskTu00
503,504.0,Dez Fitzpatrick,PIT,,26.0,1.0,0.0,0.0,0.0,0.0,0.0,0.0,0.0,0.0,,0.0,0.0,0.0,0.0,,0.0,0.0,0.0,0.0,,,,,,,,203.0,,FitzDe00
504,505.0,John FitzPatrick,ATL,,23.0,7.0,0.0,0.0,0.0,0.0,0.0,0.0,0.0,0.0,,0.0,0.0,0.0,0.0,,0.0,0.0,0.0,0.0,,,,,,,,105.0,,FitzJo00
505,506.0,Myles Gaskin,2TM,,26.0,2.0,0.0,0.0,0.0,0.0,0.0,0.0,0.0,0.0,,0.0,0.0,0.0,0.0,,0.0,0.0,0.0,0.0,,,,,,,,143.0,,GaskMy00
506,507.0,Reggie Gilliam,BUF,RB,26.0,12.0,0.0,0.0,0.0,0.0,0.0,0.0,0.0,0.0,,0.0,1.0,1.0,3.0,3.0,0.0,0.0,0.0,0.0,,,,1.3,1.3,0.8,,135.0,,GillRe00
507,508.0,Antoine Green,DET,WR,24.0,8.0,0.0,0.0,0.0,0.0,0.0,0.0,0.0,0.0,,0.0,2.0,1.0,2.0,2.0,0.0,0.0,0.0,0.0,,,,1.2,1.2,0.7,,187.0,,GreeAn00
508,509.0,Justin Hardee,NYJ,,29.0,5.0,0.0,0.0,0.0,0.0,0.0,0.0,0.0,0.0,,0.0,0.0,0.0,0.0,,0.0,0.0,0.0,0.0,,,,,,,,204.0,,HardJu01
509,510.0,Jacob Harris,JAX,,26.0,2.0,0.0,0.0,0.0,0.0,0.0,0.0,0.0,0.0,,0.0,0.0,0.0,0.0,,0.0,0.0,0.0,0.0,,,,,,,,106.0,,HarrJa03
510,511.0,N'Keal Harry,MIN,,26.0,9.0,0.0,0.0,0.0,0.0,0.0,0.0,0.0,0.0,,0.0,0.0,0.0,0.0,,0.0,0.0,0.0,0.0,,,,,,,,205.0,,HarrNK00
511,512.0,Jamycal Hasty,JAX,,27.0,3.0,0.0,0.0,0.0,0.0,0.0,0.0,0.0,0.0,,0.0,2.0,0.0,0.0,,0.0,0.0,0.0,0.0,,,,,,,,144.0,,HastJa02
512,513.0,Peyton Hendershot,DAL,TE,24.0,3.0,0.0,0.0,0.0,0.0,0.0,0.0,1.0,0.0,0.0,0.0,2.0,1.0,3.0,3.0,0.0,0.0,0.0,0.0,,,,1.3,1.3,0.8,,98.0,,HendPe01
513,514.0,Parker Hesse,ATL,,28.0,2.0,0.0,0.0,0.0,0.0,0.0,0.0,0.0,0.0,,0.0,0.0,0.0,0.0,,0.0,0.0,0.0,0.0,,,,,,,,107.0,,HessPa00
514,515.0,J.P. Holtz,NOR,,30.0,1.0,0.0,0.0,0.0,0.0,0.0,0.0,0.0,0.0,,0.0,0.0,0.0,0.0,,0.0,0.0,0.0,0.0,,,,,,,,108.0,,HoltJ.01
515,516.0,Travis Homer,CHI,,25.0,11.0,0.0,0.0,0.0,0.0,0.0,0.0,0.0,0.0,,0.0,1.0,0.0,0.0,,0.0,0.0,0.0,0.0,,,,,,,,145.0,,HomeTr00
516,517.0,Jesper Horsted,LVR,TE,26.0,12.0,0.0,0.0,0.0,0.0,0.0,0.0,0.0,0.0,,0.0,1.0,1.0,4.0,4.0,0.0,0.0,0.0,0.0,,,,1.4,1.4,0.9,,97.0,,HorsJe00
517,518.0,Mohamed Ibrahim,DET,,25.0,1.0,0.0,0.0,0.0,0.0,0.0,0.0,0.0,0.0,,0.0,0.0,0.0,0.0,,0.0,0.0,0.0,0.0,,,,,,,,146.0,,IbraMo00
518,519.0,Godwin Igwebuike,2TM,,29.0,6.0,0.0,0.0,0.0,0.0,0.0,0.0,0.0,0.0,,0.0,0.0,0.0,0.0,,0.0,0.0,0.0,0.0,,,,,,,,147.0,,IgweGo00
519,520.0,Andy Isabella,BUF,,27.0,2.0,0.0,0.0,0.0,0.0,0.0,0.0,0.0,0.0,,0.0,0.0,0.0,0.0,,0.0,0.0,0.0,0.0,,,,,,,,206.0,,IsabAn00
520,521.0,Kearis Jackson,TEN,,24.0,2.0,0.0,0.0,0.0,0.0,0.0,0.0,0.0,0.0,,0.0,0.0,0.0,0.0,,0.0,0.0,0.0,0.0,,,,,,,,207.0,,JackKe02
521,522.0,Shedrick Jackson,CIN,,24.0,2.0,0.0,0.0,0.0,0.0,0.0,0.0,0.0,0.0,,0.0,1.0,0.0,0.0,,0.0,0.0,0.0,0.0,,,,,,,,208.0,,JackSh01
522,523.0,Tyree Jackson,NYG,,26.0,2.0,1.0,0.0,0.0,0.0,0.0,0.0,0.0,0.0,,0.0,0.0,0.0,0.0,,0.0,0.0,0.0,0.0,,,,,,,,109.0,,JackTy01
523,524.0,Taiwan Jones,NYG,,35.0,2.0,0.0,0.0,0.0,0.0,0.0,0.0,0.0,0.0,,0.0,0.0,0.0,0.0,,0.0,0.0,0.0,0.0,,,,,,,,148.0,,JoneTa00
524,525.0,Hunter Kampmoyer,LAC,,25.0,1.0,0.0,0.0,0.0,0.0,0.0,0.0,0.0,0.0,,0.0,0.0,0.0,0.0,,0.0,0.0,0.0,0.0,,,,,,,,110.0,,KampHu00
525,526.0,Dalton Keene,HOU,,24.0,1.0,0.0,0.0,0.0,0.0,0.0,0.0,0.0,0.0,,0.0,0.0,0.0,0.0,,0.0,0.0,0.0,0.0,,,,,,,,111.0,,KeenDa00
526,527.0,Ko Kieft,TAM,,25.0,11.0,6.0,0.0,0.0,0.0,0.0,0.0,0.0,0.0,,0.0,3.0,0.0,0.0,,0.0,0.0,0.0,0.0,,,,,,,,112.0,,KiefKo00
527,528.0,Mason Kinsey,TEN,,25.0,2.0,0.0,0.0,0.0,0.0,0.0,0.0,0.0,0.0,,0.0,0.0,0.0,0.0,,0.0,0.0,0.0,0.0,,,,,,,,209.0,,KinsMa00
528,529.0,Tyler Kroft,MIA,,31.0,7.0,0.0,0.0,0.0,0.0,0.0,0.0,0.0,0.0,,0.0,0.0,0.0,0.0,,0.0,0.0,0.0,0.0,,,,,,,,113.0,,KrofTy00
529,530.0,Lucas Krull,DEN,,25.0,1.0,0.0,0.0,0.0,0.0,0.0,0.0,0.0,0.0,,0.0,1.0,0.0,0.0,,0.0,0.0,0.0,0.0,,,,,,,,114.0,,KrulLu00
530,531.0,Kwamie Lassiter II,CIN,WR,25.0,1.0,0.0,0.0,0.0,0.0,0.0,0.0,0.0,0.0,,0.0,1.0,1.0,2.0,2.0,0.0,0.0,0.0,0.0,,,,1.2,1.2,0.7,,188.0,,LassKw00
531,532.0,Hunter Long,LAR,,25.0,2.0,0.0,0.0,0.0,0.0,0.0,0.0,0.0,0.0,,0.0,0.0,0.0,0.0,,0.0,0.0,0.0,0.0,,,,,,,,115.0,,LongHu00
532,533.0,Jordan Matthews,CAR,,31.0,1.0,0.0,0.0,0.0,0.0,0.0,0.0,0.0,0.0,,0.0,0.0,0.0,0.0,,0.0,0.0,0.0,0.0,,,,,,,,210.0,,MattJo00
533,534.0,Kenny McIntosh,SEA,,23.0,1.0,0.0,0.0,0.0,0.0,0.0,0.0,0.0,0.0,,0.0,0.0,0.0,0.0,,0.0,0.0,0.0,0.0,,,,,,,,149.0,,McInKe00
534,535.0,Sean McKeon,DAL,,26.0,8.0,0.0,0.0,0.0,0.0,0.0,0.0,0.0,0.0,,0.0,2.0,0.0,0.0,,0.0,0.0,0.0,0.0,,,,,,,,116.0,,McKeSe01
535,536.0,Tre' McKitty,LAC,,24.0,6.0,0.0,0.0,0.0,0.0,0.0,0.0,0.0,0.0,,0.0,0.0,0.0,0.0,,0.0,0.0,0.0,0.0,,,,,,,,117.0,,McKiTr00
536,537.0,Bo Melton,GNB,,24.0,1.0,0.0,0.0,0.0,0.0,0.0,0.0,0.0,0.0,,0.0,0.0,0.0,0.0,,0.0,0.0,0.0,0.0,,,,,,,,211.0,,MeltBo00
537,538.0,Kirk Merritt,NOR,,26.0,1.0,0.0,0.0,0.0,0.0,0.0,0.0,0.0,0.0,,0.0,0.0,0.0,0.0,,0.0,0.0,0.0,0.0,,,,,,,,212.0,,MerrKi00
538,539.0,Davis Mills,HOU,QB,25.0,1.0,0.0,1.0,1.0,2.0,0.0,0.0,0.0,0.0,,0.0,0.0,0.0,0.0,,0.0,0.0,0.0,0.0,,,,0.1,0.1,0.1,,59.0,,MillDa02
539,540.0,Jordan Mims,NOR,,24.0,1.0,0.0,0.0,0.0,0.0,0.0,0.0,0.0,0.0,,0.0,0.0,0.0,0.0,,0.0,0.0,0.0,0.0,,,,,,,,150.0,,MimsJo00
540,541.0,James Mitchell,DET,,24.0,9.0,0.0,0.0,0.0,0.0,0.0,0.0,0.0,0.0,,0.0,0.0,0.0,0.0,,0.0,0.0,0.0,0.0,,,,,,,,118.0,,MitcJa00
541,542.0,D.J. Montgomery,IND,,27.0,1.0,0.0,0.0,0.0,0.0,0.0,0.0,0.0,0.0,,0.0,0.0,0.0,0.0,,0.0,0.0,0.0,0.0,,,,,,,,213.0,,MontDJ01
542,543.0,David Moore,TAM,,28.0,1.0,0.0,0.0,0.0,0.0,0.0,0.0,0.0,0.0,,0.0,1.0,0.0,0.0,,0.0,0.0,0.0,0.0,,,,,,,,214.0,,MoorDa03
543,544.0,Stanley Morgan Jr.,CIN,,27.0,2.0,0.0,0.0,0.0,0.0,0.0,0.0,0.0,0.0,,0.0,0.0,0.0,0.0,,0.0,0.0,0.0,0.0,,,,,,,,215.0,,MorgSt02
544,545.0,Albert Okwuegbunam,PHI,,25.0,3.0,0.0,0.0,0.0,0.0,0.0,0.0,0.0,0.0,,0.0,0.0,0.0,0.0,,0.0,0.0,0.0,0.0,,,,,,,,119.0,,OkwuAl00
545,546.0,Qadree Ollison,PIT,,27.0,2.0,0.0,0.0,0.0,0.0,0.0,0.0,0.0,0.0,,0.0,0.0,0.0,0.0,,0.0,0.0,0.0,0.0,,,,,,,,151.0,,OlliQa00
546,547.0,Matthew Orzech,GNB,,28.0,11.0,0.0,0.0,0.0,0.0,0.0,0.0,0.0,0.0,,0.0,0.0,0.0,0.0,,0.0,0.0,0.0,0.0,,,,,,,,120.0,,OrzeMa00
547,548.0,La'Mical Perine,KAN,RB,25.0,2.0,0.0,0.0,0.0,0.0,0.0,0.0,1.0,1.0,1.0,0.0,1.0,0.0,0.0,,0.0,0.0,0.0,0.0,,,,0.1,0.1,0.1,,137.0,,PeriLa00
548,549.0,Nathan Peterman,CHI,QB,29.0,1.0,0.0,0.0,0.0,0.0,0.0,0.0,2.0,-4.0,-2.0,0.0,0.0,0.0,0.0,,0.0,1.0,0.0,0.0,,,,-0.4,-0.4,-0.4,,66.0,,PeteNa00
549,550.0,Kevin Rader,TEN,,28.0,8.0,0.0,0.0,0.0,0.0,0.0,0.0,0.0,0.0,,0.0,0.0,0.0,0.0,,0.0,0.0,0.0,0.0,,,,,,,,121.0,,RadeKe00
550,551.0,Giovanni Ricci,CAR,RB,27.0,5.0,0.0,0.0,0.0,0.0,0.0,0.0,0.0,0.0,,0.0,1.0,1.0,2.0,2.0,0.0,0.0,0.0,0.0,,,,1.2,1.2,0.7,,136.0,,RiccGi00
551,552.0,Aaron Rodgers,NYJ,QB,40.0,1.0,1.0,0.0,1.0,0.0,0.0,0.0,0.0,0.0,,0.0,0.0,0.0,0.0,,0.0,0.0,0.0,0.0,,,,,,,,62.0,,RodgAa00
552,553.0,Amari Rodgers,IND,,24.0,3.0,0.0,0.0,0.0,0.0,0.0,0.0,0.0,0.0,,0.0,2.0,0.0,0.0,,0.0,0.0,0.0,0.0,,,,,,,,216.0,,RodgAm00
553,554.0,Brady Russell,SEA,,25.0,9.0,0.0,0.0,0.0,0.0,0.0,0.0,0.0,0.0,,0.0,0.0,0.0,0.0,,0.0,0.0,0.0,0.0,,,,,,,,122.0,,RussBr00
554,555.0,Eric Saubert,2TM,,29.0,4.0,0.0,0.0,0.0,0.0,0.0,0.0,0.0,0.0,,0.0,0.0,0.0,0.0,,0.0,0.0,0.0,0.0,,,,,,,,123.0,,SaubEr00
555,556.0,David Sills,DEN,,27.0,3.0,1.0,0.0,0.0,0.0,0.0,0.0,0.0,0.0,,0.0,0.0,0.0,0.0,,0.0,0.0,0.0,0.0,,,,,,,,217.0,,SillDa01
556,557.0,Matthew Slater,NWE,,38.0,11.0,0.0,0.0,0.0,0.0,0.0,0.0,0.0,0.0,,0.0,0.0,0.0,0.0,,0.0,0.0,0.0,0.0,,,,,,,,218.0,,SlatMa00
557,558.0,Tre'Quan Smith,DEN,,27.0,1.0,0.0,0.0,0.0,0.0,0.0,0.0,0.0,0.0,,0.0,0.0,0.0,0.0,,0.0,0.0,0.0,0.0,,,,,,,,219.0,,SmitTr03
558,559.0,Trent Taylor,CHI,WR,29.0,12.0,0.0,0.0,0.0,0.0,0.0,0.0,1.0,-2.0,-2.0,0.0,2.0,0.0,0.0,,0.0,0.0,0.0,0.0,,,,-0.2,-0.2,-0.2,,231.0,,TaylTr02
559,560.0,Keir Thomas,LAR,,25.0,2.0,0.0,0.0,0.0,0.0,0.0,0.0,0.0,0.0,,0.0,0.0,0.0,0.0,,0.0,0.0,0.0,0.0,,,,,,,,220.0,,ThomKe04
560,561.0,SaRodorick Thompson,SEA,,24.0,1.0,0.0,0.0,0.0,0.0,0.0,0.0,0.0,0.0,,0.0,0.0,0.0,0.0,,0.0,0.0,0.0,0.0,,,,,,,,152.0,,ThomSa00
561,562.0,Mitchell Tinsley,WAS,,24.0,1.0,0.0,0.0,0.0,0.0,0.0,0.0,0.0,0.0,,0.0,0.0,0.0,0.0,,0.0,0.0,0.0,0.0,,,,,,,,221.0,,TinsMi00
562,563.0,Noah Togiai,PHI,,26.0,1.0,0.0,0.0,0.0,0.0,0.0,0.0,0.0,0.0,,0.0,0.0,0.0,0.0,,0.0,0.0,0.0,0.0,,,,,,,,124.0,,TogiNo00
563,564.0,Kyle Trask,TAM,QB,25.0,2.0,0.0,0.0,1.0,0.0,0.0,0.0,1.0,-1.0,-1.0,0.0,0.0,0.0,0.0,,0.0,0.0,0.0,0.0,,,,-0.1,-0.1,-0.1,,64.0,,TrasKy00
564,565.0,Laquon Treadwell,BAL,,28.0,2.0,0.0,0.0,0.0,0.0,0.0,0.0,0.0,0.0,,0.0,0.0,0.0,0.0,,0.0,0.0,0.0,0.0,,,,,,,,222.0,,TreaLa00
565,566.0,DJ Turner,LVR,,26.0,5.0,0.0,0.0,0.0,0.0,0.0,0.0,0.0,0.0,,0.0,0.0,0.0,0.0,,0.0,0.0,0.0,0.0,,,,,,,,223.0,,TurnDJ00
566,567.0,Nick Vannett,LAC,,30.0,3.0,2.0,0.0,0.0,0.0,0.0,0.0,0.0,0.0,,0.0,0.0,0.0,0.0,,0.0,0.0,0.0,0.0,,,,,,,,125.0,,VannNi00
567,568.0,Tylan Wallace,BAL,,24.0,6.0,0.0,0.0,0.0,0.0,0.0,0.0,0.0,0.0,,0.0,0.0,0.0,0.0,,0.0,0.0,0.0,0.0,,,,,,,,224.0,,WallTy00
568,569.0,Jonathan Ward,TEN,,26.0,2.0,0.0,0.0,0.0,0.0,0.0,0.0,0.0,0.0,,0.0,0.0,0.0,0.0,,0.0,0.0,0.0,0.0,,,,,,,,153.0,,WardJo00
569,570.0,Dwayne Washington,DEN,,29.0,9.0,0.0,0.0,0.0,0.0,0.0,0.0,0.0,0.0,,0.0,0.0,0.0,0.0,,0.0,0.0,0.0,0.0,,,,,,,,154.0,,WashDw00
570,571.0,Montrell Washington,KAN,,24.0,5.0,0.0,0.0,0.0,0.0,0.0,0.0,0.0,0.0,,0.0,0.0,0.0,0.0,,0.0,2.0,0.0,0.0,,,,,,,,225.0,,WashMo00
571,572.0,Parker Washington,JAX,,21.0,3.0,0.0,0.0,0.0,0.0,0.0,0.0,0.0,0.0,,0.0,0.0,0.0,0.0,,0.0,0.0,0.0,0.0,,,,,,,,226.0,,WashPa01
572,573.0,Carson Wentz,LAR,,31.0,1.0,0.0,0.0,0.0,0.0,0.0,0.0,0.0,0.0,,0.0,0.0,0.0,0.0,,0.0,0.0,0.0,0.0,,,,,,,,63.0,,WentCa00
573,574.0,Blake Whiteheart,ARI,,23.0,1.0,0.0,0.0,0.0,0.0,0.0,0.0,0.0,0.0,,0.0,0.0,0.0,0.0,,0.0,0.0,0.0,0.0,,,,,,,,126.0,,WhitBl01
574,575.0,Kristian Wilkerson,LVR,,26.0,2.0,1.0,0.0,0.0,0.0,0.0,0.0,0.0,0.0,,0.0,0.0,0.0,0.0,,0.0,0.0,0.0,0.0,,,,,,,,227.0,,WilkKr00
575,576.0,Brayden Willis,SFO,,24.0,2.0,0.0,0.0,0.0,0.0,0.0,0.0,0.0,0.0,,0.0,0.0,0.0,0.0,,0.0,0.0,0.0,0.0,,,,,,,,127.0,,WillBr06
576,577.0,Rodney Williams,PIT,,25.0,7.0,0.0,0.0,0.0,0.0,0.0,0.0,0.0,0.0,,0.0,2.0,0.0,0.0,,0.0,0.0,0.0,0.0,,,,,,,,128.0,,WillRo08
577,578.0,Juwann Winfree,IND,,27.0,7.0,1.0,0.0,0.0,0.0,0.0,0.0,0.0,0.0,,0.0,1.0,0.0,0.0,,0.0,0.0,0.0,0.0,,,,,,,,228.0,,WinfJu00
578,579.0,Easop Winston,SEA,,27.0,1.0,0.0,0.0,0.0,0.0,0.0,0.0,0.0,0.0,,0.0,0.0,0.0,0.0,,0.0,0.0,0.0,0.0,,,,,,,,229.0,,WinsEa00
579,580.0,Owen Wright,BAL,,24.0,1.0,0.0,0.0,0.0,0.0,0.0,0.0,0.0,0.0,,0.0,0.0,0.0,0.0,,0.0,0.0,0.0,0.0,,,,,,,,155.0,,WrigOw00
580,581.0,Dareke Young,SEA,,24.0,1.0,0.0,0.0,0.0,0.0,0.0,0.0,0.0,0.0,,0.0,0.0,0.0,0.0,,0.0,0.0,0.0,0.0,,,,,,,,230.0,,YounDa02
581,582.0,Kyle Allen,BUF,QB,27.0,5.0,0.0,0.0,0.0,0.0,0.0,0.0,9.0,-9.0,-1.0,0.0,0.0,0.0,0.0,,0.0,0.0,0.0,0.0,,,-1.0,-0.9,-0.9,-0.9,,68.0,,AlleKy00
582,583.0,Sam Darnold,SFO,QB,26.0,5.0,0.0,2.0,3.0,7.0,0.0,0.0,8.0,-8.0,-1.0,0.0,0.0,0.0,0.0,,0.0,0.0,0.0,0.0,,,-1.0,-0.5,-0.5,-0.5,,67.0,,DarnSa00
583,584.0,Julian Hill,MIA,TE,23.0,9.0,2.0,0.0,0.0,0.0,0.0,0.0,0.0,0.0,,0.0,4.0,2.0,14.0,7.0,0.0,1.0,1.0,0.0,,,-1.0,1.4,2.4,0.4,,129.0,,HillJu02
584,585.0,Deon Jackson,3TM,RB,24.0,4.0,1.0,0.0,0.0,0.0,0.0,0.0,14.0,16.0,1.14,0.0,6.0,5.0,14.0,2.8,0.0,2.0,2.0,0.0,,,-1.0,4.0,6.0,1.5,,156.0,,JackDe02
585,586.0,Richie James,KAN,WR,28.0,3.0,0.0,0.0,0.0,0.0,0.0,0.0,0.0,0.0,,0.0,3.0,1.0,6.0,6.0,0.0,1.0,1.0,0.0,,,-1.0,-0.4,0.6,-0.9,,232.0,,JameRi00
586,587.0,Adam Prentice,NOR,RB,26.0,7.0,1.0,0.0,0.0,0.0,0.0,0.0,1.0,5.0,5.0,0.0,2.0,1.0,5.0,5.0,0.0,1.0,1.0,0.0,,,-1.0,,1.0,-0.5,,157.0,,PrenAd00
587,588.0,David Wells,TAM,TE,28.0,4.0,0.0,0.0,0.0,0.0,0.0,0.0,0.0,0.0,,0.0,2.0,2.0,-10.0,-5.0,0.0,1.0,0.0,0.0,,,-1.0,1.0,1.0,,,130.0,,WellDa00
588,589.0,James Proche,CLE,,27.0,4.0,0.0,0.0,0.0,0.0,0.0,0.0,0.0,0.0,,0.0,1.0,0.0,0.0,,0.0,1.0,1.0,0.0,,,-2.0,-2.0,-1.0,-2.0,,233.0,,ProcJa00
589,590.0,Blaine Gabbert,KAN,QB,34.0,1.0,0.0,3.0,5.0,31.0,0.0,2.0,2.0,-1.0,-0.5,0.0,0.0,0.0,0.0,,0.0,0.0,0.0,0.0,,,-3.0,-2.9,-0.9,-0.9,,69.0,,GabbBl00
590,591.0,Gunner Olszewski,2TM,WR,27.0,7.0,0.0,0.0,0.0,0.0,0.0,0.0,0.0,0.0,,0.0,1.0,1.0,0.0,0.0,0.0,3.0,2.0,0.0,,,-4.0,-3.0,-1.0,-3.5,,234.0,,OlszGu00
591,,Justin Tucker,,K,,,,,,,,,,,,,,,,,,,,,,,,,,,,,,TuckJu00
592,,Matt Prater,,K,,,,,,,,,,,,,,,,,,,,,,,,,,,,,,PratMa20
593,,Graham Gano,,K,,,,,,,,,,,,,,,,,,,,,,,,,,,,,,GanoGr44
594,,Nick Folk,,K,,,,,,,,,,,,,,,,,,,,,,,,,,,,,,FolkNi20
595,,Greg Zuerlein,,K,,,,,,,,,,,,,,,,,,,,,,,,,,,,,,ZuerGr00
596,,Brandon McManus,,K,,,,,,,,,,,,,,,,,,,,,,,,,,,,,,McMaBr01
597,,Chris Boswell,,K,,,,,,,,,,,,,,,,,,,,,,,,,,,,,,BoswCh00
598,,Jason Myers,,K,,,,,,,,,,,,,,,,,,,,,,,,,,,,,,MyerJa00
599,,Harrison Butker,,K,,,,,,,,,,,,,,,,,,,,,,,,,,,,,,ButkHa00
600,,Dustin Hopkins,,K,,,,,,,,,,,,,,,,,,,,,,,,,,,,,,HopkDu00
601,,Cairo Santos,,K,,,,,,,,,,,,,,,,,,,,,,,,,,,,,,SantCa01
602,,Wil Lutz,,K,,,,,,,,,,,,,,,,,,,,,,,,,,,,,,LutzWi00
603,,Jake Elliott,,K,,,,,,,,,,,,,,,,,,,,,,,,,,,,,,ElliJa03
604,,Daniel Carlson,,K,,,,,,,,,,,,,,,,,,,,,,,,,,,,,,CarlDa00
605,,Ka'imi Fairbairn,,K,,,,,,,,,,,,,,,,,,,,,,,,,,,,,,FairKa01
606,,Jason Sanders,,K,,,,,,,,,,,,,,,,,,,,,,,,,,,,,,SandJa00
607,,Younghoe Koo,,K,,,,,,,,,,,,,,,,,,,,,,,,,,,,,,KooxYo00
608,,Matt Gay,,K,,,,,,,,,,,,,,,,,,,,,,,,,,,,,,GayxMa00
609,,Joey Slye,,K,,,,,,,,,,,,,,,,,,,,,,,,,,,,,,SlyeJo00
610,,Tyler Bass,,K,,,,,,,,,,,,,,,,,,,,,,,,,,,,,,BassTy00
611,,Eddy Pineiro,,K,,,,,,,,,,,,,,,,,,,,,,,,,,,,,,PineEd00
612,,Brett Maher,,K,,,,,,,,,,,,,,,,,,,,,,,,,,,,,,MaheBr01
613,,Greg Joseph,,K,,,,,,,,,,,,,,,,,,,,,,,,,,,,,,JoseGr00
614,,Chase McLaughlin,,K,,,,,,,,,,,,,,,,,,,,,,,,,,,,,,McLaCh00
615,,Evan McPherson,,K,,,,,,,,,,,,,,,,,,,,,,,,,,,,,,McPhEv00
616,,Austin Seibert,,K,,,,,,,,,,,,,,,,,,,,,,,,,,,,,,SeibAu00
617,,Cameron Dicker,,K,,,,,,,,,,,,,,,,,,,,,,,,,,,,,,DickCa00
618,,Brandon Aubrey,,K,,,,,,,,,,,,,,,,,,,,,,,,,,,,,,AubrBr00
619,,Anders Carlson,,K,,,,,,,,,,,,,,,,,,,,,,,,,,,,,,CarlAn00
620,,Blake Grupe,,K,,,,,,,,,,,,,,,,,,,,,,,,,,,,,,GrupBl00
621,,Lucas Havrisik,,K,,,,,,,,,,,,,,,,,,,,,,,,,,,,,,HavrLu00
622,,Jake Moody,,K,,,,,,,,,,,,,,,,,,,,,,,,,,,,,,MoodJa00
623,,Chad Ryland,,K,,,,,,,,,,,,,,,,,,,,,,,,,,,,,,RylaCh00
